Etudes,Parents,Cout_total
Ecole_Commerce,Cadres,37960
Ecole_Commerce,Profession_Liberale,54000
Ecole_Commerce,Profession_Liberale,64000
Ecole_Commerce,Profession_Liberale,56000
Ecole_Commerce,Profession_Liberale,64000
Ecole_Commerce,Profession_Liberale,65000
Ecole_Commerce,Profession_Liberale,63000
Ecole_Commerce,Profession_Liberale,62000
Ecole_Commerce,Profession_Liberale,55000
Ecole_Commerce,Ouvriers,6500
Ecole_Commerce,Cadres,42664
Ecole_Commerce,Cadres,37496
Ecole_Commerce,Profession_Liberale,60000
Ecole_Commerce,Cadres,29312
Ecole_Commerce,Cadres,52360
Ecole_Commerce,Profession_Liberale,54000
Ecole_Commerce,Profession_Liberale,62000
Ecole_Commerce,Cadres,46712
Ecole_Commerce,Cadres,39928
Ecole_Commerce,Profession_Liberale,58000
Ecole_Commerce,Profession_Liberale,59000
Ecole_Commerce,Profession_Liberale,56000
Ecole_Commerce,Profession_Liberale,57000
Ecole_Commerce,Cadres,35112
Ecole_Commerce,Profession_Liberale,58000
Ecole_Commerce,Profession_Liberale,55000
Ecole_Commerce,Profession_Liberale,58000
Ecole_Commerce,Profession_Liberale,62000
Ecole_Commerce,Profession_Liberale,53000
Ecole_Commerce,Profession_Liberale,65000
Ecole_Commerce,Profession_Liberale,58000
Ecole_Commerce,Cadres,41696
Ecole_Commerce,Cadres,33080
Ecole_Commerce,Profession_Liberale,68000
Ecole_Commerce,Profession_Liberale,67000
Ecole_Commerce,Profession_Liberale,53000
Ecole_Commerce,Profession_Liberale,51000
Ecole_Commerce,Profession_Liberale,65000
Ecole_Commerce,Employés,23888
Ecole_Commerce,Cadres,49256
Ecole_Commerce,Profession_Liberale,55000
Ecole_Commerce,Profession_Liberale,51000
Ecole_Commerce,Cadres,52456
Ecole_Commerce,Profession_Liberale,70000
Ecole_Commerce,Profession_Liberale,56000
Ecole_Commerce,Profession_Liberale,68000
Ecole_Commerce,Cadres,38376
Ecole_Commerce,Profession_Liberale,55000
Ecole_Commerce,Ouvriers,6500
Ecole_Commerce,Cadres,36800
Ecole_Commerce,Profession_Liberale,67000
Ecole_Commerce,Cadres,50896
Ecole_Commerce,Cadres,46528
Ecole_Commerce,Profession_Liberale,59000
Ecole_Commerce,Profession_Liberale,65000
Ecole_Commerce,Profession_Liberale,56000
Ecole_Commerce,Profession_Liberale,67000
Ecole_Commerce,Profession_Liberale,56000
Ecole_Commerce,Cadres,42520
Ecole_Commerce,Cadres,49928
Ecole_Commerce,Cadres,49808
Ecole_Commerce,Profession_Liberale,58000
Ecole_Commerce,Profession_Liberale,55000
Ecole_Commerce,Profession_Liberale,64000
Ecole_Commerce,Cadres,47176
Ecole_Commerce,Profession_Liberale,56000
Ecole_Commerce,Profession_Liberale,67000
Ecole_Commerce,Profession_Liberale,62000
Ecole_Commerce,Profession_Liberale,58000
Ecole_Commerce,Employés,22892
Ecole_Commerce,Profession_Liberale,62000
Ecole_Commerce,Profession_Liberale,53000
Ecole_Commerce,Cadres,33968
Ecole_Commerce,Cadres,39856
Ecole_Commerce,Cadres,29296
Ecole_Commerce,Profession_Liberale,59000
Ecole_Commerce,Employés,22484
Ecole_Commerce,Profession_Liberale,53000
Ecole_Commerce,Cadres,41904
Ecole_Commerce,Profession_Liberale,58000
Ecole_Commerce,Profession_Liberale,64000
Ecole_Commerce,Cadres,37280
Ecole_Commerce,Profession_Liberale,56000
Ecole_Commerce,Cadres,44688
Ecole_Commerce,Profession_Liberale,54000
Ecole_Commerce,Employés,22424
Ecole_Commerce,Profession_Liberale,61000
Ecole_Commerce,Cadres,48224
Ecole_Commerce,Cadres,44256
Ecole_Commerce,Profession_Liberale,58000
Ecole_Commerce,Cadres,43936
Ecole_Commerce,Profession_Liberale,56000
Ecole_Commerce,Profession_Liberale,51000
Ecole_Commerce,Profession_Liberale,51000
Ecole_Commerce,Cadres,44872
Ecole_Commerce,Cadres,47624
Ecole_Commerce,Cadres,43472
Ecole_Commerce,Profession_Liberale,59000
Ecole_Commerce,Cadres,37072
Ecole_Commerce,Profession_Liberale,62000
Ecole_Commerce,Cadres,30112
Ecole_Commerce,Profession_Liberale,51000
Ecole_Commerce,Profession_Liberale,67000
Ecole_Commerce,Cadres,45000
Ecole_Commerce,Profession_Liberale,61000
Ecole_Commerce,Cadres,31736
Ecole_Commerce,Cadres,35992
Ecole_Commerce,Profession_Liberale,51000
Ecole_Commerce,Cadres,41544
Ecole_Commerce,Profession_Liberale,63000
Ecole_Commerce,Profession_Liberale,67000
Ecole_Commerce,Profession_Liberale,65000
Ecole_Commerce,Cadres,31160
Ecole_Commerce,Profession_Liberale,59000
Ecole_Commerce,Cadres,41448
Ecole_Commerce,Profession_Liberale,54000
Ecole_Commerce,Profession_Liberale,53000
Ecole_Commerce,Profession_Liberale,63000
Ecole_Commerce,Cadres,53800
Ecole_Commerce,Cadres,32360
Ecole_Commerce,Cadres,40024
Ecole_Commerce,Employés,23216
Ecole_Commerce,Cadres,46024
Ecole_Commerce,Profession_Liberale,56000
Ecole_Commerce,Profession_Liberale,66000
Ecole_Commerce,Profession_Liberale,61000
Ecole_Commerce,Cadres,38408
Ecole_Commerce,Profession_Liberale,51000
Ecole_Commerce,Ouvriers,6500
Ecole_Commerce,Cadres,38344
Ecole_Commerce,Cadres,45464
Ecole_Commerce,Profession_Liberale,63000
Ecole_Commerce,Profession_Liberale,60000
Ecole_Commerce,Employés,21452
Ecole_Commerce,Profession_Liberale,53000
Ecole_Commerce,Profession_Liberale,65000
Ecole_Commerce,Profession_Liberale,70000
Ecole_Commerce,Cadres,33712
Ecole_Commerce,Cadres,39352
Ecole_Commerce,Cadres,30880
Ecole_Commerce,Profession_Liberale,68000
Ecole_Commerce,Profession_Liberale,70000
Ecole_Commerce,Cadres,44880
Ecole_Commerce,Profession_Liberale,57000
Ecole_Commerce,Profession_Liberale,55000
Ecole_Commerce,Cadres,44032
Ecole_Commerce,Cadres,35176
Ecole_Commerce,Cadres,39120
Ecole_Commerce,Profession_Liberale,59000
Ecole_Commerce,Cadres,48032
Ecole_Commerce,Cadres,41888
Ecole_Commerce,Profession_Liberale,60000
Ecole_Commerce,Profession_Liberale,67000
Ecole_Commerce,Cadres,47960
Ecole_Commerce,Profession_Liberale,63000
Ecole_Commerce,Profession_Liberale,60000
Ecole_Commerce,Profession_Liberale,51000
Ecole_Commerce,Profession_Liberale,63000
Ecole_Commerce,Profession_Liberale,60000
Ecole_Commerce,Cadres,32104
Ecole_Commerce,Profession_Liberale,64000
Ecole_Commerce,Profession_Liberale,64000
Ecole_Commerce,Ouvriers,9500
Ecole_Commerce,Profession_Liberale,54000
Ecole_Commerce,Profession_Liberale,53000
Ecole_Commerce,Cadres,41520
Ecole_Commerce,Profession_Liberale,66000
Ecole_Commerce,Profession_Liberale,58000
Ecole_Commerce,Profession_Liberale,58000
Ecole_Commerce,Profession_Liberale,58000
Ecole_Commerce,Profession_Liberale,59000
Ecole_Commerce,Profession_Liberale,58000
Ecole_Commerce,Profession_Liberale,51000
Ecole_Commerce,Profession_Liberale,70000
Ecole_Commerce,Cadres,42672
Ecole_Commerce,Profession_Liberale,61000
Ecole_Commerce,Profession_Liberale,56000
Ecole_Commerce,Profession_Liberale,68000
Ecole_Commerce,Cadres,40752
Ecole_Commerce,Profession_Liberale,67000
Ecole_Commerce,Employés,26096
Ecole_Commerce,Cadres,25104
Ecole_Commerce,Profession_Liberale,54000
Ecole_Commerce,Profession_Liberale,56000
Ecole_Commerce,Profession_Liberale,56000
Ecole_Commerce,Profession_Liberale,60000
Ecole_Commerce,Employés,15536
Ecole_Commerce,Cadres,45808
Ecole_Commerce,Profession_Liberale,51000
Ecole_Commerce,Employés,23756
Ecole_Commerce,Profession_Liberale,58000
Ecole_Commerce,Cadres,40056
Ecole_Commerce,Profession_Liberale,55000
Ecole_Commerce,Profession_Liberale,63000
Ecole_Commerce,Profession_Liberale,70000
Ecole_Commerce,Cadres,24096
Ecole_Commerce,Cadres,29520
Ecole_Commerce,Cadres,29776
Ecole_Commerce,Profession_Liberale,67000
Ecole_Commerce,Profession_Liberale,58000
Ecole_Commerce,Profession_Liberale,51000
Ecole_Commerce,Profession_Liberale,55000
Ecole_Commerce,Profession_Liberale,51000
Ecole_Commerce,Profession_Liberale,55000
Ecole_Commerce,Cadres,49744
Ecole_Commerce,Profession_Liberale,54000
Ecole_Commerce,Cadres,39568
Ecole_Commerce,Profession_Liberale,60000
Ecole_Commerce,Cadres,33152
Ecole_Commerce,Profession_Liberale,57000
Ecole_Commerce,Cadres,45984
Ecole_Commerce,Profession_Liberale,61000
Ecole_Commerce,Cadres,27264
Ecole_Commerce,Employés,24008
Ecole_Commerce,Profession_Liberale,67000
Ecole_Commerce,Cadres,47192
Ecole_Commerce,Cadres,45000
Ecole_Commerce,Profession_Liberale,62000
Ecole_Commerce,Profession_Liberale,68000
Ecole_Commerce,Profession_Liberale,68000
Ecole_Commerce,Profession_Liberale,59000
Ecole_Commerce,Profession_Liberale,60000
Ecole_Commerce,Cadres,35904
Ecole_Commerce,Employés,17264
Ecole_Commerce,Profession_Liberale,64000
Ecole_Commerce,Profession_Liberale,62000
Ecole_Commerce,Cadres,41872
Ecole_Commerce,Cadres,48872
Ecole_Commerce,Profession_Liberale,66000
Ecole_Commerce,Cadres,34384
Ecole_Commerce,Cadres,42312
Ecole_Commerce,Profession_Liberale,66000
Ecole_Commerce,Cadres,35424
Ecole_Commerce,Employés,24332
Ecole_Commerce,Cadres,43848
Ecole_Commerce,Profession_Liberale,51000
Ecole_Commerce,Cadres,29808
Ecole_Commerce,Cadres,44688
Ecole_Commerce,Profession_Liberale,63000
Ecole_Commerce,Profession_Liberale,70000
Ecole_Commerce,Profession_Liberale,64000
Ecole_Commerce,Profession_Liberale,62000
Ecole_Commerce,Profession_Liberale,59000
Ecole_Commerce,Cadres,26688
Ecole_Commerce,Cadres,46440
Ecole_Commerce,Profession_Liberale,59000
Ecole_Commerce,Profession_Liberale,67000
Ecole_Commerce,Cadres,37232
Ecole_Commerce,Profession_Liberale,66000
Ecole_Commerce,Profession_Liberale,64000
Ecole_Commerce,Profession_Liberale,56000
Ecole_Commerce,Cadres,26672
Ecole_Commerce,Cadres,26336
Ecole_Commerce,Profession_Liberale,68000
Ecole_Commerce,Profession_Liberale,64000
Ecole_Commerce,Cadres,46632
Ecole_Commerce,Cadres,46928
Ecole_Commerce,Employés,20504
Ecole_Commerce,Cadres,41008
Ecole_Commerce,Profession_Liberale,56000
Ecole_Commerce,Employés,25016
Ecole_Commerce,Profession_Liberale,58000
Ecole_Commerce,Cadres,45104
Ecole_Commerce,Profession_Liberale,60000
Ecole_Commerce,Profession_Liberale,54000
Ecole_Commerce,Profession_Liberale,51000
Ecole_Commerce,Profession_Liberale,61000
Ecole_Commerce,Cadres,52088
Ecole_Commerce,Profession_Liberale,70000
Ecole_Commerce,Cadres,30144
Ecole_Commerce,Profession_Liberale,53000
Ecole_Commerce,Cadres,41224
Ecole_Commerce,Profession_Liberale,65000
Ecole_Commerce,Cadres,41168
Ecole_Commerce,Employés,17840
Ecole_Commerce,Profession_Liberale,55000
Ecole_Commerce,Profession_Liberale,70000
Ecole_Commerce,Profession_Liberale,64000
Ecole_Commerce,Cadres,49936
Ecole_Commerce,Cadres,47232
Ecole_Commerce,Cadres,37416
Ecole_Commerce,Profession_Liberale,57000
Ecole_Commerce,Cadres,41112
Ecole_Commerce,Profession_Liberale,68000
Ecole_Commerce,Cadres,29304
Ecole_Commerce,Profession_Liberale,65000
Ecole_Commerce,Profession_Liberale,56000
Ecole_Commerce,Profession_Liberale,66000
Ecole_Commerce,Profession_Liberale,65000
Ecole_Commerce,Profession_Liberale,56000
Ecole_Commerce,Cadres,53032
Ecole_Commerce,Profession_Liberale,68000
Ecole_Commerce,Profession_Liberale,62000
Ecole_Commerce,Profession_Liberale,51000
Ecole_Commerce,Cadres,25776
Ecole_Commerce,Profession_Liberale,55000
Ecole_Commerce,Cadres,52232
Ecole_Commerce,Profession_Liberale,66000
Ecole_Commerce,Cadres,36944
Ecole_Commerce,Profession_Liberale,58000
Ecole_Commerce,Profession_Liberale,60000
Ecole_Commerce,Profession_Liberale,67000
Ecole_Commerce,Profession_Liberale,57000
Ecole_Commerce,Profession_Liberale,58000
Ecole_Ingenieurs,Cadres,34000
Ecole_Ingenieurs,Employés,17180
Ecole_Ingenieurs,Employés,23756
Ecole_Ingenieurs,Cadres,40000
Ecole_Ingenieurs,Employés,27500
Ecole_Ingenieurs,Cadres,34000
Ecole_Ingenieurs,Employés,27500
Ecole_Ingenieurs,Cadres,33000
Ecole_Ingenieurs,Employés,18644
Ecole_Ingenieurs,Cadres,75184
Ecole_Ingenieurs,Employés,14516
Ecole_Ingenieurs,Cadres,36000
Ecole_Ingenieurs,Employés,30500
Ecole_Ingenieurs,Employés,16568
Ecole_Ingenieurs,Cadres,46832
Ecole_Ingenieurs,Cadres,51280
Ecole_Ingenieurs,Employés,27500
Ecole_Ingenieurs,Employés,24500
Ecole_Ingenieurs,Employés,24500
Ecole_Ingenieurs,Employés,30500
Ecole_Ingenieurs,Employés,24332
Ecole_Ingenieurs,Employés,19352
Ecole_Ingenieurs,Employés,27500
Ecole_Ingenieurs,Employés,30500
Ecole_Ingenieurs,Cadres,59776
Ecole_Ingenieurs,Employés,17744
Ecole_Ingenieurs,Cadres,36000
Ecole_Ingenieurs,Employés,24500
Ecole_Ingenieurs,Cadres,41000
Ecole_Ingenieurs,Cadres,49456
Ecole_Ingenieurs,Employés,13412
Ecole_Ingenieurs,Employés,24500
Ecole_Ingenieurs,Cadres,37000
Ecole_Ingenieurs,Cadres,33000
Ecole_Ingenieurs,Cadres,40000
Ecole_Ingenieurs,Employés,21380
Ecole_Ingenieurs,Employés,24500
Ecole_Ingenieurs,Employés,24500
Ecole_Ingenieurs,Cadres,31000
Ecole_Ingenieurs,Employés,30500
Ecole_Ingenieurs,Cadres,31000
Ecole_Ingenieurs,Employés,24500
Ecole_Ingenieurs,Employés,30500
Ecole_Ingenieurs,Employés,24500
Ecole_Ingenieurs,Cadres,39000
Ecole_Ingenieurs,Employés,27500
Ecole_Ingenieurs,Employés,30500
Ecole_Ingenieurs,Employés,24500
Ecole_Ingenieurs,Employés,15752
Ecole_Ingenieurs,Cadres,51008
Ecole_Ingenieurs,Cadres,33852
Ecole_Ingenieurs,Employés,30500
Ecole_Ingenieurs,Employés,15392
Ecole_Ingenieurs,Employés,22412
Ecole_Ingenieurs,Profession_Liberale,53536
Ecole_Ingenieurs,Employés,30500
Ecole_Ingenieurs,Employés,24500
Ecole_Ingenieurs,Ouvriers,5600
Ecole_Ingenieurs,Ouvriers,30500
Ecole_Ingenieurs,Cadres,43000
Ecole_Ingenieurs,Cadres,46000
Ecole_Ingenieurs,Employés,24500
Ecole_Ingenieurs,Employés,14084
Ecole_Ingenieurs,Cadres,59216
Ecole_Ingenieurs,Employés,18872
Ecole_Ingenieurs,Employés,17840
Ecole_Ingenieurs,Cadres,33000
Ecole_Ingenieurs,Employés,27500
Ecole_Ingenieurs,Cadres,36000
Ecole_Ingenieurs,Cadres,37000
Ecole_Ingenieurs,Employés,13772
Ecole_Ingenieurs,Employés,24500
Ecole_Ingenieurs,Employés,11516
Ecole_Ingenieurs,Cadres,46000
Ecole_Ingenieurs,Employés,27500
Ecole_Ingenieurs,Cadres,56016
Ecole_Ingenieurs,Cadres,70784
Ecole_Ingenieurs,Employés,27500
Ecole_Ingenieurs,Employés,12536
Ecole_Ingenieurs,Employés,27500
Ecole_Ingenieurs,Employés,20180
Ecole_Ingenieurs,Cadres,46000
Ecole_Ingenieurs,Ouvriers,5900
Ecole_Ingenieurs,Employés,20936
Ecole_Ingenieurs,Employés,27500
Ecole_Ingenieurs,Cadres,31240
Ecole_Ingenieurs,Employés,16724
Ecole_Ingenieurs,Employés,21212
Ecole_Ingenieurs,Cadres,46000
Ecole_Ingenieurs,Cadres,44480
Ecole_Ingenieurs,Cadres,38000
Ecole_Ingenieurs,Cadres,26892
Ecole_Ingenieurs,Employés,24500
Ecole_Ingenieurs,Employés,20084
Ecole_Ingenieurs,Employés,30500
Ecole_Ingenieurs,Employés,30500
Ecole_Ingenieurs,Cadres,38000
Ecole_Ingenieurs,Employés,15560
Ecole_Ingenieurs,Cadres,34000
Ecole_Ingenieurs,Employés,24500
Ecole_Ingenieurs,Cadres,39000
Ecole_Ingenieurs,Employés,24500
Ecole_Ingenieurs,Employés,30500
Ecole_Ingenieurs,Employés,27500
Ecole_Ingenieurs,Employés,18140
Ecole_Ingenieurs,Cadres,61232
Ecole_Ingenieurs,Employés,24500
Ecole_Ingenieurs,Ouvriers,6800
Ecole_Ingenieurs,Employés,24500
Ecole_Ingenieurs,Employés,13352
Ecole_Ingenieurs,Cadres,38000
Ecole_Ingenieurs,Employés,21896
Ecole_Ingenieurs,Employés,24500
Ecole_Ingenieurs,Employés,24500
Ecole_Ingenieurs,Cadres,44000
Ecole_Ingenieurs,Employés,27500
Ecole_Ingenieurs,Cadres,44808
Ecole_Ingenieurs,Employés,27500
Ecole_Ingenieurs,Employés,24500
Ecole_Ingenieurs,Employés,27500
Ecole_Ingenieurs,Employés,27500
Ecole_Ingenieurs,Ouvriers,24500
Ecole_Ingenieurs,Cadres,65696
Ecole_Ingenieurs,Employés,18080
Ecole_Ingenieurs,Cadres,68992
Ecole_Ingenieurs,Employés,24500
Ecole_Ingenieurs,Employés,30500
Ecole_Ingenieurs,Employés,17096
Ecole_Ingenieurs,Employés,16544
Ecole_Ingenieurs,Profession_Liberale,76248
Ecole_Ingenieurs,Employés,27500
Ecole_Ingenieurs,Cadres,55760
Ecole_Ingenieurs,Employés,30500
Ecole_Ingenieurs,Profession_Liberale,70808
Ecole_Ingenieurs,Employés,24500
Ecole_Ingenieurs,Employés,19868
Ecole_Ingenieurs,Ouvriers,30500
Ecole_Ingenieurs,Cadres,33832
Ecole_Ingenieurs,Employés,16604
Ecole_Ingenieurs,Cadres,57392
Ecole_Ingenieurs,Cadres,40000
Ecole_Ingenieurs,Cadres,39000
Ecole_Ingenieurs,Employés,30500
Ecole_Ingenieurs,Employés,20852
Ecole_Ingenieurs,Cadres,46000
Ecole_Ingenieurs,Cadres,38000
Ecole_Ingenieurs,Employés,24500
Ecole_Ingenieurs,Cadres,41000
Ecole_Ingenieurs,Employés,17216
Ecole_Ingenieurs,Ouvriers,27500
Ecole_Ingenieurs,Cadres,46000
Ecole_Ingenieurs,Employés,20924
Ecole_Ingenieurs,Employés,30500
Ecole_Ingenieurs,Employés,17852
Ecole_Ingenieurs,Employés,24800
Ecole_Ingenieurs,Employés,27500
Ecole_Ingenieurs,Employés,30500
Ecole_Ingenieurs,Cadres,46000
Ecole_Ingenieurs,Employés,24500
Ecole_Ingenieurs,Cadres,38000
Ecole_Ingenieurs,Employés,27500
Ecole_Ingenieurs,Cadres,42000
Ecole_Ingenieurs,Employés,27500
Ecole_Ingenieurs,Employés,24500
Ecole_Ingenieurs,Cadres,41000
Ecole_Ingenieurs,Cadres,44000
Ecole_Ingenieurs,Cadres,44000
Ecole_Ingenieurs,Employés,24500
Ecole_Ingenieurs,Cadres,43000
Ecole_Ingenieurs,Cadres,40000
Ecole_Ingenieurs,Ouvriers,27500
Ecole_Ingenieurs,Cadres,37000
Ecole_Ingenieurs,Employés,21848
Ecole_Ingenieurs,Cadres,34000
Ecole_Ingenieurs,Employés,30500
Ecole_Ingenieurs,Employés,21116
Ecole_Ingenieurs,Employés,30500
Ecole_Ingenieurs,Ouvriers,24500
Ecole_Ingenieurs,Profession_Liberale,57824
Ecole_Ingenieurs,Ouvriers,30500
Ecole_Ingenieurs,Profession_Liberale,65008
Ecole_Ingenieurs,Cadres,62688
Ecole_Ingenieurs,Cadres,39000
Ecole_Ingenieurs,Ouvriers,30500
Ecole_Ingenieurs,Employés,24500
Ecole_Ingenieurs,Employés,12080
Ecole_Ingenieurs,Employés,30500
Ecole_Ingenieurs,Employés,24500
Ecole_Ingenieurs,Employés,24500
Ecole_Ingenieurs,Profession_Liberale,76584
Ecole_Ingenieurs,Employés,27500
Ecole_Ingenieurs,Employés,22388
Ecole_Ingenieurs,Employés,30500
Ecole_Ingenieurs,Employés,27500
Ecole_Ingenieurs,Cadres,31000
Ecole_Ingenieurs,Cadres,50576
Ecole_Ingenieurs,Employés,24500
Ecole_Ingenieurs,Cadres,75040
Ecole_Ingenieurs,Cadres,34000
Ecole_Ingenieurs,Employés,21464
Ecole_Ingenieurs,Ouvriers,27500
Ecole_Ingenieurs,Ouvriers,24500
Ecole_Ingenieurs,Employés,24500
Ecole_Ingenieurs,Cadres,41000
Ecole_Ingenieurs,Employés,30500
Ecole_Ingenieurs,Cadres,34000
Ecole_Ingenieurs,Employés,27500
Ecole_Ingenieurs,Cadres,61008
Ecole_Ingenieurs,Employés,27500
Ecole_Ingenieurs,Employés,30500
Ecole_Ingenieurs,Employés,27500
Ecole_Ingenieurs,Profession_Liberale,87600
Ecole_Ingenieurs,Cadres,55664
Ecole_Ingenieurs,Employés,17072
Ecole_Ingenieurs,Cadres,33000
Ecole_Ingenieurs,Employés,24500
Ecole_Ingenieurs,Cadres,64416
Ecole_Ingenieurs,Employés,30500
Ecole_Ingenieurs,Employés,18032
Ecole_Ingenieurs,Employés,27500
Ecole_Ingenieurs,Employés,23360
Ecole_Ingenieurs,Ouvriers,6200
Ecole_Ingenieurs,Cadres,33000
Ecole_Ingenieurs,Ouvriers,30500
Ecole_Ingenieurs,Cadres,41000
Ecole_Ingenieurs,Cadres,37000
Ecole_Ingenieurs,Cadres,41000
Ecole_Ingenieurs,Profession_Liberale,78048
Ecole_Ingenieurs,Ouvriers,6500
Ecole_Ingenieurs,Employés,27500
Ecole_Ingenieurs,Cadres,68944
Ecole_Ingenieurs,Employés,14084
Ecole_Ingenieurs,Employés,21728
Ecole_Ingenieurs,Employés,24500
Ecole_Ingenieurs,Employés,24500
Ecole_Ingenieurs,Employés,24332
Ecole_Ingenieurs,Ouvriers,24500
Ecole_Ingenieurs,Employés,22580
Ecole_Ingenieurs,Employés,30500
Ecole_Ingenieurs,Employés,30500
Ecole_Ingenieurs,Employés,30500
Ecole_Ingenieurs,Employés,20972
Ecole_Ingenieurs,Ouvriers,27500
Ecole_Ingenieurs,Employés,18476
Ecole_Ingenieurs,Employés,30500
Ecole_Ingenieurs,Employés,30500
Ecole_Ingenieurs,Profession_Liberale,65920
Ecole_Ingenieurs,Employés,24500
Ecole_Ingenieurs,Employés,18860
Ecole_Ingenieurs,Employés,30500
Ecole_Ingenieurs,Cadres,39000
Ecole_Ingenieurs,Cadres,33000
Ecole_Ingenieurs,Employés,24500
Ecole_Ingenieurs,Employés,16940
Ecole_Ingenieurs,Cadres,21768
Ecole_Ingenieurs,Profession_Liberale,79544
Ecole_Ingenieurs,Cadres,34000
Ecole_Ingenieurs,Cadres,37000
Ecole_Ingenieurs,Employés,27500
Ecole_Ingenieurs,Employés,24500
Ecole_Ingenieurs,Ouvriers,30500
Ecole_Ingenieurs,Cadres,36000
Ecole_Ingenieurs,Ouvriers,24500
Ecole_Ingenieurs,Cadres,39000
Ecole_Ingenieurs,Ouvriers,24500
Ecole_Ingenieurs,Ouvriers,27500
Ecole_Ingenieurs,Cadres,41000
Ecole_Ingenieurs,Employés,24500
Ecole_Ingenieurs,Cadres,35000
Ecole_Ingenieurs,Profession_Liberale,66848
Ecole_Ingenieurs,Ouvriers,27500
Ecole_Ingenieurs,Cadres,40000
Ecole_Ingenieurs,Employés,24080
Ecole_Ingenieurs,Cadres,36000
Ecole_Ingenieurs,Employés,30500
Ecole_Ingenieurs,Cadres,44656
Ecole_Ingenieurs,Employés,21968
Ecole_Ingenieurs,Profession_Liberale,77168
Ecole_Ingenieurs,Employés,20072
Ecole_Ingenieurs,Employés,27500
Ecole_Ingenieurs,Cadres,37000
Ecole_Ingenieurs,Employés,18308
Ecole_Ingenieurs,Employés,24500
Ecole_Ingenieurs,Employés,24500
Ecole_Ingenieurs,Ouvriers,3200
Ecole_Ingenieurs,Ouvriers,27500
Ecole_Ingenieurs,Ouvriers,7400
Ecole_Ingenieurs,Employés,18944
Ecole_Ingenieurs,Employés,24500
Ecole_Ingenieurs,Employés,30500
Ecole_Ingenieurs,Cadres,44000
Ecole_Ingenieurs,Employés,24500
Ecole_Ingenieurs,Cadres,39000
Ecole_Ingenieurs,Employés,30500
Ecole_Ingenieurs,Ouvriers,27500
Ecole_Ingenieurs,Employés,19280
Ecole_Ingenieurs,Employés,30500
Ecole_Ingenieurs,Employés,20840
Ecole_Ingenieurs,Cadres,30460
Ecole_Ingenieurs,Employés,24500
Ecole_Ingenieurs,Cadres,42000
Ecole_Ingenieurs,Cadres,39000
Ecole_Ingenieurs,Cadres,46000
Ecole_Ingenieurs,Employés,24500
Ecole_Ingenieurs,Employés,30500
Ecole_Ingenieurs,Ouvriers,27500
Ecole_Ingenieurs,Employés,24500
Ecole_Ingenieurs,Employés,18404
Ecole_Ingenieurs,Cadres,37000
Ecole_Ingenieurs,Cadres,46000
Ecole_Ingenieurs,Employés,27500
Ecole_Ingenieurs,Cadres,46000
Ecole_Ingenieurs,Employés,27500
Ecole_Ingenieurs,Cadres,68656
Ecole_Ingenieurs,Employés,30500
Ecole_Ingenieurs,Employés,16040
Ecole_Ingenieurs,Employés,27500
Ecole_Ingenieurs,Employés,19028
Ecole_Ingenieurs,Cadres,36000
Ecole_Ingenieurs,Profession_Liberale,72896
Ecole_Ingenieurs,Employés,30500
Ecole_Ingenieurs,Employés,30500
Ecole_Ingenieurs,Profession_Liberale,79888
Ecole_Ingenieurs,Employés,27500
Ecole_Ingenieurs,Ouvriers,24500
Ecole_Ingenieurs,Employés,24500
Ecole_Ingenieurs,Cadres,31000
Ecole_Ingenieurs,Cadres,59632
Ecole_Ingenieurs,Cadres,41000
Ecole_Ingenieurs,Employés,24500
Ecole_Ingenieurs,Employés,24500
Ecole_Ingenieurs,Ouvriers,24500
Ecole_Ingenieurs,Employés,24500
Ecole_Ingenieurs,Employés,24500
Ecole_Ingenieurs,Employés,27500
Ecole_Ingenieurs,Cadres,42000
Ecole_Ingenieurs,Employés,20684
Ecole_Ingenieurs,Cadres,59392
Ecole_Ingenieurs,Employés,17768
Ecole_Ingenieurs,Employés,27500
Ecole_Ingenieurs,Cadres,31000
Ecole_Ingenieurs,Employés,21008
Ecole_Ingenieurs,Cadres,35000
Ecole_Ingenieurs,Cadres,39000
Ecole_Ingenieurs,Employés,27500
Ecole_Ingenieurs,Cadres,36000
Ecole_Ingenieurs,Employés,30500
Ecole_Ingenieurs,Employés,30500
Ecole_Ingenieurs,Employés,30500
Ecole_Ingenieurs,Employés,27500
Ecole_Ingenieurs,Cadres,42000
Ecole_Ingenieurs,Employés,24500
Ecole_Ingenieurs,Employés,15128
Ecole_Ingenieurs,Employés,22604
Ecole_Ingenieurs,Cadres,64528
Ecole_Ingenieurs,Employés,24500
Ecole_Ingenieurs,Profession_Liberale,56768
Ecole_Ingenieurs,Ouvriers,27500
Ecole_Ingenieurs,Cadres,69808
Ecole_Ingenieurs,Employés,16256
Ecole_Ingenieurs,Ouvriers,5300
Ecole_Ingenieurs,Ouvriers,30500
Ecole_Ingenieurs,Employés,30500
Ecole_Ingenieurs,Ouvriers,3500
Ecole_Ingenieurs,Cadres,50864
Ecole_Ingenieurs,Employés,30500
Ecole_Ingenieurs,Ouvriers,7400
Ecole_Ingenieurs,Cadres,48448
Ecole_Ingenieurs,Cadres,72800
Ecole_Ingenieurs,Ouvriers,6800
Ecole_Ingenieurs,Cadres,33000
Ecole_Ingenieurs,Profession_Liberale,83824
Ecole_Ingenieurs,Employés,30500
Ecole_Ingenieurs,Employés,24500
Ecole_Ingenieurs,Employés,30500
Ecole_Ingenieurs,Cadres,34000
Ecole_Ingenieurs,Employés,23876
Ecole_Ingenieurs,Cadres,50928
Ecole_Ingenieurs,Cadres,43000
Ecole_Ingenieurs,Employés,24500
Ecole_Ingenieurs,Cadres,38000
Ecole_Ingenieurs,Cadres,43104
Ecole_Ingenieurs,Employés,24500
Ecole_Ingenieurs,Employés,21704
Ecole_Ingenieurs,Employés,19532
Ecole_Ingenieurs,Employés,20468
Ecole_Ingenieurs,Cadres,60528
Ecole_Ingenieurs,Cadres,46560
Ecole_Ingenieurs,Employés,19148
Ecole_Ingenieurs,Cadres,38000
Ecole_Ingenieurs,Cadres,44000
Ecole_Ingenieurs,Employés,24500
Ecole_Ingenieurs,Cadres,36000
Ecole_Ingenieurs,Cadres,71584
Ecole_Ingenieurs,Cadres,35176
Ecole_Ingenieurs,Cadres,64592
Ecole_Ingenieurs,Employés,30500
Ecole_Ingenieurs,Cadres,35000
Ecole_Ingenieurs,Employés,24296
Ecole_Ingenieurs,Employés,30500
Ecole_Ingenieurs,Employés,24500
Ecole_Ingenieurs,Profession_Liberale,56760
Ecole_Ingenieurs,Ouvriers,24500
Ecole_Ingenieurs,Employés,24500
Ecole_Ingenieurs,Employés,21008
Ecole_Ingenieurs,Employés,20228
Ecole_Ingenieurs,Employés,24500
Ecole_Ingenieurs,Employés,19604
Ecole_Ingenieurs,Employés,24500
Ecole_Ingenieurs,Employés,27500
Ecole_Ingenieurs,Ouvriers,30500
Ecole_Ingenieurs,Employés,30500
Ecole_Ingenieurs,Cadres,46000
Ecole_Ingenieurs,Cadres,42000
Ecole_Ingenieurs,Cadres,52768
Ecole_Ingenieurs,Cadres,56960
Ecole_Ingenieurs,Employés,24500
Ecole_Ingenieurs,Cadres,62144
Ecole_Ingenieurs,Employés,30500
Ecole_Ingenieurs,Cadres,36532
Ecole_Ingenieurs,Cadres,35000
Ecole_Ingenieurs,Employés,21968
Ecole_Ingenieurs,Ouvriers,5300
Ecole_Ingenieurs,Employés,22604
Ecole_Ingenieurs,Cadres,44000
Ecole_Ingenieurs,Employés,30500
Ecole_Ingenieurs,Cadres,29620
Ecole_Ingenieurs,Cadres,66848
Ecole_Ingenieurs,Ouvriers,27500
Ecole_Ingenieurs,Cadres,55856
Ecole_Ingenieurs,Employés,20672
Ecole_Ingenieurs,Cadres,63584
Ecole_Ingenieurs,Cadres,39000
Ecole_Ingenieurs,Cadres,42000
Ecole_Ingenieurs,Employés,24500
Ecole_Ingenieurs,Cadres,61008
Ecole_Ingenieurs,Cadres,38000
Ecole_Ingenieurs,Employés,27500
Ecole_Ingenieurs,Cadres,61840
Ecole_Ingenieurs,Cadres,24760
Ecole_Ingenieurs,Employés,24500
Ecole_Ingenieurs,Employés,27500
Ecole_Ingenieurs,Employés,24500
Ecole_Ingenieurs,Employés,16208
Ecole_Ingenieurs,Employés,24500
Ecole_Ingenieurs,Employés,24500
Ecole_Ingenieurs,Ouvriers,30500
Ecole_Ingenieurs,Employés,12332
Ecole_Ingenieurs,Ouvriers,27500
Ecole_Ingenieurs,Employés,22796
Ecole_Ingenieurs,Employés,27500
Ecole_Ingenieurs,Employés,24500
Ecole_Ingenieurs,Ouvriers,24500
Ecole_Ingenieurs,Employés,30500
Ecole_Ingenieurs,Cadres,39000
Ecole_Ingenieurs,Cadres,42000
Ecole_Ingenieurs,Employés,20408
Ecole_Ingenieurs,Cadres,39000
Ecole_Ingenieurs,Ouvriers,3200
Ecole_Ingenieurs,Ouvriers,30500
Ecole_Ingenieurs,Employés,19952
Ecole_Ingenieurs,Cadres,38000
Ecole_Ingenieurs,Cadres,61744
Ecole_Ingenieurs,Employés,27500
Ecole_Ingenieurs,Employés,27500
Ecole_Ingenieurs,Employés,24500
Ecole_Ingenieurs,Cadres,61792
Ecole_Ingenieurs,Cadres,57664
Ecole_Ingenieurs,Employés,30500
Ecole_Ingenieurs,Employés,27500
Ecole_Ingenieurs,Employés,24500
Ecole_Ingenieurs,Cadres,41000
Ecole_Ingenieurs,Employés,24500
Ecole_Ingenieurs,Cadres,39000
Ecole_Ingenieurs,Employés,24500
Ecole_Ingenieurs,Employés,24500
Ecole_Ingenieurs,Ouvriers,30500
Ecole_Ingenieurs,Employés,27500
Ecole_Ingenieurs,Profession_Liberale,79568
Ecole_Ingenieurs,Employés,27500
Ecole_Ingenieurs,Cadres,71616
Ecole_Ingenieurs,Employés,20888
Ecole_Ingenieurs,Employés,30500
Ecole_Ingenieurs,Employés,30500
Ecole_Ingenieurs,Employés,21068
Ecole_Ingenieurs,Cadres,34000
Ecole_Ingenieurs,Cadres,40000
Ecole_Ingenieurs,Ouvriers,5900
Ecole_Ingenieurs,Profession_Liberale,64352
Ecole_Ingenieurs,Employés,27500
Ecole_Ingenieurs,Cadres,36000
Ecole_Ingenieurs,Cadres,64960
Ecole_Ingenieurs,Employés,21104
Ecole_Ingenieurs,Ouvriers,2300
Ecole_Ingenieurs,Employés,30500
Ecole_Ingenieurs,Employés,24500
Ecole_Ingenieurs,Employés,22496
Ecole_Ingenieurs,Employés,24500
Ecole_Ingenieurs,Employés,22340
Ecole_Ingenieurs,Profession_Liberale,78400
Ecole_Ingenieurs,Employés,18692
Ecole_Ingenieurs,Employés,19028
Ecole_Ingenieurs,Cadres,69024
Ecole_Ingenieurs,Ouvriers,5900
Ecole_Ingenieurs,Employés,27500
Ecole_Ingenieurs,Employés,19916
Ecole_Ingenieurs,Cadres,43000
Ecole_Ingenieurs,Employés,30500
Ecole_Ingenieurs,Cadres,69504
Ecole_Ingenieurs,Employés,18824
Ecole_Ingenieurs,Employés,24500
Ecole_Ingenieurs,Employés,30500
Ecole_Ingenieurs,Employés,27500
Ecole_Ingenieurs,Employés,27500
Ecole_Ingenieurs,Ouvriers,27500
Ecole_Ingenieurs,Employés,30500
Ecole_Ingenieurs,Employés,27500
Ecole_Ingenieurs,Cadres,30768
Ecole_Ingenieurs,Employés,27500
Ecole_Ingenieurs,Employés,30500
IUT/BTS,Profession_Liberale,3788
IUT/BTS,Employés,500
IUT/BTS,Cadres,4004
IUT/BTS,Employés,500
IUT/BTS,Employés,500
IUT/BTS,Profession_Liberale,5612
IUT/BTS,Cadres,3524
IUT/BTS,Employés,500
IUT/BTS,Ouvriers,500
IUT/BTS,Profession_Liberale,5384
IUT/BTS,Ouvriers,500
IUT/BTS,Ouvriers,500
IUT/BTS,Cadres,2384
IUT/BTS,Ouvriers,500
IUT/BTS,Employés,500
IUT/BTS,Ouvriers,500
IUT/BTS,Ouvriers,500
IUT/BTS,Profession_Liberale,4112
IUT/BTS,Cadres,6116
IUT/BTS,Ouvriers,500
IUT/BTS,Employés,500
IUT/BTS,Ouvriers,500
IUT/BTS,Ouvriers,500
IUT/BTS,Ouvriers,500
IUT/BTS,Ouvriers,500
IUT/BTS,Cadres,3200
IUT/BTS,Profession_Liberale,6152
IUT/BTS,Cadres,5864
IUT/BTS,Cadres,6428
IUT/BTS,Profession_Liberale,6020
IUT/BTS,Employés,500
IUT/BTS,Employés,500
IUT/BTS,Cadres,5084
IUT/BTS,Employés,500
IUT/BTS,Ouvriers,500
IUT/BTS,Employés,500
IUT/BTS,Ouvriers,500
IUT/BTS,Employés,500
IUT/BTS,Profession_Liberale,4976
IUT/BTS,Employés,500
IUT/BTS,Employés,500
IUT/BTS,Cadres,6176
IUT/BTS,Profession_Liberale,3716
IUT/BTS,Profession_Liberale,5420
IUT/BTS,Profession_Liberale,4232
IUT/BTS,Ouvriers,500
IUT/BTS,Ouvriers,500
IUT/BTS,Ouvriers,500
IUT/BTS,Ouvriers,500
IUT/BTS,Cadres,2300
IUT/BTS,Ouvriers,500
IUT/BTS,Cadres,5144
IUT/BTS,Cadres,3284
IUT/BTS,Ouvriers,500
IUT/BTS,Cadres,3872
IUT/BTS,Cadres,4400
IUT/BTS,Employés,500
IUT/BTS,Employés,500
IUT/BTS,Employés,500
IUT/BTS,Employés,500
IUT/BTS,Cadres,4856
IUT/BTS,Profession_Liberale,3716
IUT/BTS,Profession_Liberale,5084
IUT/BTS,Cadres,5288
IUT/BTS,Profession_Liberale,4832
IUT/BTS,Employés,500
IUT/BTS,Ouvriers,500
IUT/BTS,Ouvriers,500
IUT/BTS,Cadres,3596
IUT/BTS,Cadres,3356
IUT/BTS,Cadres,6152
IUT/BTS,Ouvriers,500
IUT/BTS,Ouvriers,500
IUT/BTS,Cadres,6092
IUT/BTS,Employés,500
IUT/BTS,Ouvriers,500
IUT/BTS,Ouvriers,500
IUT/BTS,Ouvriers,500
IUT/BTS,Employés,500
IUT/BTS,Ouvriers,500
IUT/BTS,Ouvriers,500
IUT/BTS,Employés,500
IUT/BTS,Ouvriers,500
IUT/BTS,Ouvriers,500
IUT/BTS,Profession_Liberale,5660
IUT/BTS,Ouvriers,500
IUT/BTS,Ouvriers,500
IUT/BTS,Cadres,2708
IUT/BTS,Employés,500
IUT/BTS,Ouvriers,500
IUT/BTS,Ouvriers,500
IUT/BTS,Cadres,4544
IUT/BTS,Cadres,3932
IUT/BTS,Cadres,2792
IUT/BTS,Cadres,4124
IUT/BTS,Employés,500
IUT/BTS,Cadres,4568
IUT/BTS,Ouvriers,500
IUT/BTS,Employés,500
IUT/BTS,Employés,500
IUT/BTS,Profession_Liberale,3980
IUT/BTS,Cadres,5408
IUT/BTS,Cadres,3728
IUT/BTS,Cadres,4892
IUT/BTS,Ouvriers,500
IUT/BTS,Cadres,6140
IUT/BTS,Cadres,5732
IUT/BTS,Employés,500
IUT/BTS,Cadres,6236
IUT/BTS,Employés,500
IUT/BTS,Ouvriers,500
IUT/BTS,Employés,500
IUT/BTS,Ouvriers,500
IUT/BTS,Employés,500
IUT/BTS,Ouvriers,500
IUT/BTS,Cadres,3176
IUT/BTS,Ouvriers,500
IUT/BTS,Employés,500
IUT/BTS,Cadres,4316
IUT/BTS,Cadres,2660
IUT/BTS,Employés,500
IUT/BTS,Cadres,5060
IUT/BTS,Profession_Liberale,5516
IUT/BTS,Cadres,4544
IUT/BTS,Ouvriers,500
IUT/BTS,Employés,500
IUT/BTS,Employés,500
IUT/BTS,Profession_Liberale,6296
IUT/BTS,Cadres,5180
IUT/BTS,Employés,500
IUT/BTS,Employés,500
IUT/BTS,Ouvriers,500
IUT/BTS,Profession_Liberale,4484
IUT/BTS,Ouvriers,500
IUT/BTS,Ouvriers,500
IUT/BTS,Cadres,5312
IUT/BTS,Employés,500
IUT/BTS,Ouvriers,500
IUT/BTS,Employés,500
IUT/BTS,Cadres,2348
IUT/BTS,Cadres,4292
IUT/BTS,Cadres,4880
IUT/BTS,Ouvriers,500
IUT/BTS,Profession_Liberale,6200
IUT/BTS,Profession_Liberale,4448
IUT/BTS,Employés,500
IUT/BTS,Profession_Liberale,4568
IUT/BTS,Cadres,5060
IUT/BTS,Ouvriers,500
IUT/BTS,Ouvriers,500
IUT/BTS,Cadres,6344
IUT/BTS,Profession_Liberale,4604
IUT/BTS,Employés,500
IUT/BTS,Profession_Liberale,5972
IUT/BTS,Employés,500
IUT/BTS,Ouvriers,500
IUT/BTS,Ouvriers,500
IUT/BTS,Ouvriers,500
IUT/BTS,Employés,500
IUT/BTS,Employés,500
IUT/BTS,Ouvriers,500
IUT/BTS,Employés,500
IUT/BTS,Profession_Liberale,5996
IUT/BTS,Profession_Liberale,5852
IUT/BTS,Employés,500
IUT/BTS,Cadres,6332
IUT/BTS,Ouvriers,500
IUT/BTS,Employés,500
IUT/BTS,Ouvriers,500
IUT/BTS,Cadres,3008
IUT/BTS,Employés,500
IUT/BTS,Profession_Liberale,4976
IUT/BTS,Ouvriers,500
IUT/BTS,Employés,500
IUT/BTS,Employés,500
IUT/BTS,Cadres,4136
IUT/BTS,Ouvriers,500
IUT/BTS,Employés,500
IUT/BTS,Ouvriers,500
IUT/BTS,Cadres,5024
IUT/BTS,Employés,500
IUT/BTS,Profession_Liberale,4208
IUT/BTS,Cadres,4748
IUT/BTS,Employés,500
IUT/BTS,Cadres,5720
IUT/BTS,Profession_Liberale,5072
IUT/BTS,Profession_Liberale,3944
IUT/BTS,Employés,500
IUT/BTS,Cadres,3848
IUT/BTS,Ouvriers,500
IUT/BTS,Cadres,6440
IUT/BTS,Ouvriers,500
IUT/BTS,Ouvriers,500
IUT/BTS,Employés,500
IUT/BTS,Employés,500
IUT/BTS,Employés,500
IUT/BTS,Ouvriers,500
IUT/BTS,Employés,500
IUT/BTS,Cadres,3824
IUT/BTS,Employés,500
IUT/BTS,Ouvriers,500
IUT/BTS,Ouvriers,500
IUT/BTS,Ouvriers,500
IUT/BTS,Cadres,5096
IUT/BTS,Ouvriers,500
IUT/BTS,Ouvriers,500
IUT/BTS,Profession_Liberale,5912
IUT/BTS,Ouvriers,500
IUT/BTS,Employés,500
IUT/BTS,Cadres,3632
IUT/BTS,Employés,500
IUT/BTS,Profession_Liberale,5324
IUT/BTS,Profession_Liberale,6104
IUT/BTS,Profession_Liberale,5024
IUT/BTS,Employés,500
IUT/BTS,Profession_Liberale,3872
IUT/BTS,Cadres,4472
IUT/BTS,Ouvriers,500
IUT/BTS,Ouvriers,500
IUT/BTS,Ouvriers,500
IUT/BTS,Cadres,4388
IUT/BTS,Ouvriers,500
IUT/BTS,Profession_Liberale,3884
IUT/BTS,Employés,500
IUT/BTS,Employés,500
IUT/BTS,Employés,500
IUT/BTS,Profession_Liberale,5300
IUT/BTS,Employés,500
IUT/BTS,Ouvriers,500
IUT/BTS,Ouvriers,500
IUT/BTS,Ouvriers,500
IUT/BTS,Profession_Liberale,4208
IUT/BTS,Employés,500
IUT/BTS,Employés,500
IUT/BTS,Employés,500
IUT/BTS,Ouvriers,500
IUT/BTS,Profession_Liberale,5312
IUT/BTS,Ouvriers,500
IUT/BTS,Cadres,3056
IUT/BTS,Cadres,5192
IUT/BTS,Ouvriers,500
IUT/BTS,Cadres,4160
IUT/BTS,Cadres,3452
IUT/BTS,Cadres,3416
IUT/BTS,Cadres,6464
IUT/BTS,Employés,500
IUT/BTS,Ouvriers,500
IUT/BTS,Ouvriers,500
IUT/BTS,Employés,500
IUT/BTS,Ouvriers,500
IUT/BTS,Cadres,5936
IUT/BTS,Employés,500
IUT/BTS,Cadres,5816
IUT/BTS,Ouvriers,500
IUT/BTS,Employés,500
IUT/BTS,Ouvriers,500
IUT/BTS,Employés,500
IUT/BTS,Employés,500
IUT/BTS,Ouvriers,500
IUT/BTS,Ouvriers,500
IUT/BTS,Ouvriers,500
IUT/BTS,Ouvriers,500
IUT/BTS,Cadres,5636
IUT/BTS,Employés,500
IUT/BTS,Employés,500
IUT/BTS,Ouvriers,500
IUT/BTS,Cadres,5048
IUT/BTS,Employés,500
IUT/BTS,Cadres,2972
IUT/BTS,Ouvriers,500
IUT/BTS,Cadres,5144
IUT/BTS,Cadres,6368
IUT/BTS,Profession_Liberale,3584
IUT/BTS,Cadres,3884
IUT/BTS,Employés,500
IUT/BTS,Ouvriers,500
IUT/BTS,Employés,500
IUT/BTS,Cadres,5132
IUT/BTS,Profession_Liberale,4052
IUT/BTS,Employés,500
IUT/BTS,Ouvriers,500
IUT/BTS,Cadres,2576
IUT/BTS,Profession_Liberale,5108
IUT/BTS,Ouvriers,500
IUT/BTS,Employés,500
IUT/BTS,Employés,500
IUT/BTS,Profession_Liberale,6224
IUT/BTS,Employés,500
IUT/BTS,Cadres,6476
IUT/BTS,Employés,500
IUT/BTS,Ouvriers,500
IUT/BTS,Profession_Liberale,6404
IUT/BTS,Employés,500
IUT/BTS,Cadres,4040
IUT/BTS,Ouvriers,500
IUT/BTS,Profession_Liberale,5180
IUT/BTS,Ouvriers,500
IUT/BTS,Ouvriers,500
IUT/BTS,Employés,500
IUT/BTS,Ouvriers,500
IUT/BTS,Ouvriers,500
IUT/BTS,Cadres,4724
IUT/BTS,Profession_Liberale,5528
IUT/BTS,Ouvriers,500
IUT/BTS,Employés,500
IUT/BTS,Profession_Liberale,4892
IUT/BTS,Employés,500
IUT/BTS,Employés,500
IUT/BTS,Cadres,5756
IUT/BTS,Employés,500
IUT/BTS,Profession_Liberale,4280
IUT/BTS,Profession_Liberale,5240
IUT/BTS,Ouvriers,500
IUT/BTS,Ouvriers,500
IUT/BTS,Cadres,2888
IUT/BTS,Ouvriers,500
IUT/BTS,Employés,500
IUT/BTS,Employés,500
IUT/BTS,Cadres,5504
IUT/BTS,Ouvriers,500
IUT/BTS,Cadres,3080
IUT/BTS,Ouvriers,500
IUT/BTS,Cadres,3716
IUT/BTS,Ouvriers,500
IUT/BTS,Employés,500
IUT/BTS,Ouvriers,500
IUT/BTS,Employés,500
IUT/BTS,Ouvriers,500
IUT/BTS,Cadres,4520
IUT/BTS,Profession_Liberale,6356
IUT/BTS,Employés,500
IUT/BTS,Employés,500
IUT/BTS,Cadres,5096
IUT/BTS,Cadres,3092
IUT/BTS,Ouvriers,500
IUT/BTS,Employés,500
IUT/BTS,Cadres,6464
IUT/BTS,Cadres,5060
IUT/BTS,Cadres,4568
IUT/BTS,Ouvriers,500
IUT/BTS,Employés,500
IUT/BTS,Profession_Liberale,4352
IUT/BTS,Employés,500
IUT/BTS,Employés,500
IUT/BTS,Cadres,5660
IUT/BTS,Employés,500
IUT/BTS,Ouvriers,500
IUT/BTS,Ouvriers,500
IUT/BTS,Cadres,3332
IUT/BTS,Cadres,4820
Médecine,Profession_Liberale,13026
Médecine,Ouvriers,1650
Médecine,Profession_Liberale,19614
Médecine,Cadres,13242
Médecine,Cadres,28970
Médecine,Employés,1650
Médecine,Cadres,27002
Médecine,Profession_Liberale,16122
Médecine,Profession_Liberale,14574
Médecine,Employés,1650
Médecine,Employés,1650
Médecine,Profession_Liberale,12090
Médecine,Profession_Liberale,18498
Médecine,Employés,1650
Médecine,Cadres,12642
Médecine,Profession_Liberale,19506
Médecine,Profession_Liberale,33086
Médecine,Employés,1650
Médecine,Profession_Liberale,17454
Médecine,Cadres,10410
Médecine,Ouvriers,1650
Médecine,Employés,18650
Médecine,Profession_Liberale,35046
Médecine,Cadres,8106
Médecine,Profession_Liberale,17310
Médecine,Employés,1650
Médecine,Profession_Liberale,19578
Médecine,Cadres,10650
Médecine,Profession_Liberale,18642
Médecine,Employés,1650
Médecine,Cadres,12354
Médecine,Employés,4150
Médecine,Profession_Liberale,30474
Médecine,Employés,18650
Médecine,Cadres,13894
Médecine,Cadres,8826
Médecine,Employés,1650
Médecine,Employés,1650
Médecine,Cadres,11562
Médecine,Cadres,13314
Médecine,Employés,18650
Médecine,Profession_Liberale,18462
Médecine,Profession_Liberale,17562
Médecine,Cadres,13506
Médecine,Cadres,11590
Médecine,Employés,1650
Médecine,Employés,1650
Médecine,Employés,18650
Médecine,Employés,1650
Médecine,Employés,18650
Médecine,Cadres,10362
Médecine,Employés,1650
Médecine,Cadres,11158
Médecine,Ouvriers,1650
Médecine,Employés,1650
Médecine,Cadres,13318
Médecine,Employés,4150
Médecine,Employés,1650
Médecine,Cadres,8802
Médecine,Employés,1650
Médecine,Profession_Liberale,16914
Médecine,Employés,1650
Médecine,Employés,4150
Médecine,Profession_Liberale,18750
Médecine,Profession_Liberale,12954
Médecine,Cadres,13338
Médecine,Profession_Liberale,16806
Médecine,Cadres,16030
Médecine,Cadres,13122
Médecine,Ouvriers,4150
Médecine,Employés,1650
Médecine,Profession_Liberale,14106
Médecine,Profession_Liberale,13386
Médecine,Profession_Liberale,16482
Médecine,Ouvriers,1650
Médecine,Cadres,8226
Médecine,Cadres,29762
Médecine,Cadres,10794
Médecine,Profession_Liberale,17130
Médecine,Employés,1650
Médecine,Cadres,12570
Médecine,Employés,1650
Médecine,Ouvriers,1650
Médecine,Profession_Liberale,31502
Médecine,Profession_Liberale,29162
Médecine,Employés,1650
Médecine,Cadres,25970
Médecine,Profession_Liberale,11766
Médecine,Profession_Liberale,20998
Médecine,Profession_Liberale,15006
Médecine,Employés,4150
Médecine,Profession_Liberale,12990
Médecine,Employés,1650
Médecine,Profession_Liberale,19542
Médecine,Cadres,8034
Médecine,Profession_Liberale,19038
Médecine,Ouvriers,1650
Médecine,Employés,1650
Médecine,Profession_Liberale,16158
Médecine,Profession_Liberale,30638
Médecine,Cadres,15262
Médecine,Cadres,10674
Médecine,Employés,1650
Médecine,Cadres,12930
Médecine,Cadres,11854
Médecine,Employés,1650
Médecine,Employés,1650
Médecine,Employés,1650
Médecine,Cadres,8754
Médecine,Cadres,9090
Médecine,Profession_Liberale,33462
Médecine,Employés,1650
Médecine,Cadres,15550
Médecine,Cadres,8778
Médecine,Employés,4150
Médecine,Profession_Liberale,20998
Médecine,Employés,4150
Médecine,Cadres,8994
Médecine,Cadres,14638
Médecine,Ouvriers,4150
Médecine,Cadres,25490
Médecine,Cadres,10698
Médecine,Profession_Liberale,15726
Médecine,Employés,1650
Médecine,Cadres,9210
Médecine,Profession_Liberale,15582
Médecine,Ouvriers,4150
Médecine,Cadres,11970
Médecine,Profession_Liberale,14106
Médecine,Profession_Liberale,16174
Médecine,Ouvriers,1650
Médecine,Employés,18650
Médecine,Employés,1650
Médecine,Cadres,13002
Médecine,Profession_Liberale,10758
Médecine,Profession_Liberale,11694
Médecine,Ouvriers,1650
Médecine,Ouvriers,1650
Médecine,Ouvriers,4150
Médecine,Employés,4150
Médecine,Profession_Liberale,16426
Médecine,Employés,1650
Médecine,Profession_Liberale,18858
Médecine,Ouvriers,1650
Médecine,Employés,1650
Médecine,Employés,1650
Médecine,Profession_Liberale,14178
Médecine,Employés,4150
Médecine,Cadres,8322
Médecine,Ouvriers,1650
Médecine,Cadres,12114
Médecine,Employés,1650
Médecine,Profession_Liberale,17850
Médecine,Profession_Liberale,15222
Médecine,Profession_Liberale,13602
Médecine,Profession_Liberale,13674
Médecine,Cadres,8106
Médecine,Cadres,12882
Médecine,Employés,4150
Médecine,Profession_Liberale,16750
Médecine,Cadres,10698
Médecine,Employés,18650
Médecine,Profession_Liberale,16662
Médecine,Employés,1650
Médecine,Profession_Liberale,10650
Médecine,Cadres,10938
Médecine,Profession_Liberale,18514
Médecine,Profession_Liberale,15058
Médecine,Cadres,8010
Médecine,Employés,1650
Médecine,Cadres,7986
Médecine,Employés,4150
Médecine,Employés,1650
Médecine,Employés,18650
Médecine,Employés,4150
Médecine,Cadres,12954
Médecine,Cadres,11346
Médecine,Profession_Liberale,13458
Médecine,Profession_Liberale,17454
Médecine,Profession_Liberale,35426
Médecine,Employés,4150
Médecine,Profession_Liberale,13206
Médecine,Profession_Liberale,12126
Médecine,Profession_Liberale,20710
Médecine,Cadres,10986
Médecine,Profession_Liberale,15510
Médecine,Profession_Liberale,17058
Médecine,Employés,1650
Médecine,Profession_Liberale,13350
Médecine,Cadres,8898
Médecine,Employés,1650
Médecine,Cadres,8466
Médecine,Employés,1650
Médecine,Employés,4150
Médecine,Profession_Liberale,17814
Médecine,Cadres,8586
Médecine,Cadres,11010
Médecine,Profession_Liberale,28694
Médecine,Profession_Liberale,16122
Médecine,Profession_Liberale,13962
Médecine,Ouvriers,1650
Médecine,Profession_Liberale,18606
Médecine,Employés,4150
Médecine,Employés,4150
Médecine,Employés,1650
Médecine,Cadres,27530
Médecine,Profession_Liberale,15726
Médecine,Employés,1650
Médecine,Cadres,8610
Médecine,Employés,1650
Médecine,Profession_Liberale,16770
Médecine,Profession_Liberale,17706
Médecine,Cadres,13218
Médecine,Cadres,12810
Médecine,Profession_Liberale,12342
Médecine,Profession_Liberale,13746
Médecine,Employés,1650
Médecine,Employés,1650
Médecine,Ouvriers,1650
Médecine,Profession_Liberale,18082
Médecine,Profession_Liberale,21286
Médecine,Ouvriers,1650
Médecine,Cadres,10938
Médecine,Profession_Liberale,11694
Médecine,Profession_Liberale,27974
Médecine,Profession_Liberale,18786
Médecine,Employés,1650
Médecine,Employés,4150
Médecine,Cadres,14374
Médecine,Cadres,8058
Médecine,Cadres,9498
Médecine,Profession_Liberale,17598
Médecine,Profession_Liberale,33806
Médecine,Profession_Liberale,16338
Médecine,Profession_Liberale,15994
Médecine,Ouvriers,1650
Médecine,Cadres,8778
Médecine,Cadres,10242
Médecine,Employés,1650
Médecine,Ouvriers,1650
Médecine,Cadres,8634
Médecine,Profession_Liberale,14430
Médecine,Profession_Liberale,14322
Médecine,Ouvriers,18650
Médecine,Cadres,8010
Médecine,Cadres,31494
Médecine,Ouvriers,1650
Médecine,Cadres,11298
Médecine,Profession_Liberale,11478
Médecine,Profession_Liberale,12990
Médecine,Profession_Liberale,29270
Médecine,Cadres,11826
Médecine,Employés,1650
Médecine,Profession_Liberale,18498
Médecine,Employés,1650
Médecine,Profession_Liberale,17238
Médecine,Profession_Liberale,12702
Médecine,Cadres,9090
Médecine,Employés,1650
Médecine,Employés,1650
Médecine,Employés,1650
Médecine,Profession_Liberale,14142
Médecine,Ouvriers,1650
Médecine,Profession_Liberale,14358
Médecine,Ouvriers,4150
Médecine,Cadres,9858
Médecine,Employés,18650
Médecine,Employés,4150
Médecine,Cadres,11970
Médecine,Ouvriers,4150
Médecine,Profession_Liberale,18966
Médecine,Cadres,8298
Médecine,Profession_Liberale,15798
Médecine,Cadres,28082
Médecine,Profession_Liberale,11298
Médecine,Employés,1650
Médecine,Employés,1650
Médecine,Cadres,27698
Médecine,Cadres,24746
Médecine,Profession_Liberale,32654
Médecine,Profession_Liberale,13546
Médecine,Profession_Liberale,11658
Médecine,Cadres,32838
Médecine,Ouvriers,18650
Médecine,Profession_Liberale,12702
Médecine,Profession_Liberale,17634
Univ_Science,Ouvriers,1650
Univ_Science,Ouvriers,1650
Univ_Science,Cadres,30498
Univ_Science,Ouvriers,1650
Univ_Science,Employés,18138
Univ_Science,Cadres,24978
Univ_Science,Ouvriers,1650
Univ_Science,Ouvriers,1650
Univ_Science,Employés,11226
Univ_Science,Ouvriers,1650
Univ_Science,Employés,11622
Univ_Science,Cadres,33954
Univ_Science,Ouvriers,1650
Univ_Science,Employés,12450
Univ_Science,Employés,15510
Univ_Science,Employés,18786
Univ_Science,Ouvriers,1650
Univ_Science,Employés,16482
Univ_Science,Cadres,25938
Univ_Science,Ouvriers,1650
Univ_Science,Employés,21106
Univ_Science,Cadres,31894
Univ_Science,Cadres,23634
Univ_Science,Employés,18246
Univ_Science,Employés,10830
Univ_Science,Ouvriers,1650
Univ_Science,Ouvriers,1650
Univ_Science,Ouvriers,1650
Univ_Science,Ouvriers,1650
Univ_Science,Ouvriers,1650
Univ_Science,Employés,19254
Univ_Science,Cadres,20518
Univ_Science,Employés,11838
Univ_Science,Ouvriers,1650
Univ_Science,Ouvriers,1650
Univ_Science,Cadres,21762
Univ_Science,Profession_Liberale,34962
Univ_Science,Employés,16194
Univ_Science,Ouvriers,1650
Univ_Science,Ouvriers,1650
Univ_Science,Employés,13530
Univ_Science,Ouvriers,1650
Univ_Science,Profession_Liberale,38326
Univ_Science,Employés,15546
Univ_Science,Cadres,23970
Univ_Science,Ouvriers,1650
Univ_Science,Ouvriers,1650
Univ_Science,Cadres,19362
Univ_Science,Employés,16914
Univ_Science,Ouvriers,1650
Univ_Science,Ouvriers,1650
Univ_Science,Employés,14646
Univ_Science,Cadres,24070
Univ_Science,Ouvriers,1650
Univ_Science,Cadres,30354
Univ_Science,Employés,17418
Univ_Science,Employés,19594
Univ_Science,Cadres,27426
Univ_Science,Ouvriers,1650
Univ_Science,Employés,19326
Univ_Science,Employés,14610
Univ_Science,Cadres,14994
Univ_Science,Ouvriers,1650
Univ_Science,Cadres,38950
Univ_Science,Ouvriers,1650
Univ_Science,Employés,11946
Univ_Science,Ouvriers,1650
Univ_Science,Ouvriers,1650
Univ_Science,Employés,20242
Univ_Science,Ouvriers,1650
Univ_Science,Cadres,16722
Univ_Science,Ouvriers,1650
Univ_Science,Cadres,33762
Univ_Science,Cadres,20998
Univ_Science,Employés,11082
Univ_Science,Employés,15798
Univ_Science,Ouvriers,1650
Univ_Science,Cadres,21474
Univ_Science,Employés,13854
Univ_Science,Ouvriers,1650
Univ_Science,Cadres,27282
Univ_Science,Employés,13026
Univ_Science,Cadres,23346
Univ_Science,Employés,17398
Univ_Science,Employés,15490
Univ_Science,Cadres,37410
Univ_Science,Cadres,34674
Univ_Science,Employés,17578
Univ_Science,Ouvriers,1650
Univ_Science,Ouvriers,1650
Univ_Science,Cadres,30642
Univ_Science,Ouvriers,1650
Univ_Science,Employés,11190
Univ_Science,Ouvriers,1650
Univ_Science,Employés,19542
Univ_Science,Ouvriers,1650
Univ_Science,Cadres,23394
Univ_Science,Profession_Liberale,44322
Univ_Science,Employés,15150
Univ_Science,Ouvriers,1650
Univ_Science,Ouvriers,1650
Univ_Science,Ouvriers,1650
Univ_Science,Employés,17382
Univ_Science,Cadres,27426
Univ_Science,Ouvriers,1650
Univ_Science,Profession_Liberale,44086
Univ_Science,Employés,18102
Univ_Science,Employés,12198
Univ_Science,Ouvriers,1650
Univ_Science,Cadres,18546
Univ_Science,Employés,11658
Univ_Science,Employés,14338
Univ_Science,Profession_Liberale,46722
Univ_Science,Cadres,19650
Univ_Science,Employés,11334
Univ_Science,Ouvriers,1650
Univ_Science,Profession_Liberale,33810
Univ_Science,Employés,15978
Univ_Science,Ouvriers,1650
Univ_Science,Employés,17202
Univ_Science,Employés,21178
Univ_Science,Ouvriers,1650
Univ_Science,Employés,18082
Univ_Science,Ouvriers,1650
Univ_Science,Ouvriers,1650
Univ_Science,Ouvriers,1650
Univ_Science,Ouvriers,1650
Univ_Science,Employés,17634
Univ_Science,Ouvriers,1650
Univ_Science,Employés,12342
Univ_Science,Ouvriers,1650
Univ_Science,Cadres,36690
Univ_Science,Employés,11550
Univ_Science,Ouvriers,1650
Univ_Science,Cadres,24838
Univ_Science,Cadres,29062
Univ_Science,Ouvriers,1650
Univ_Science,Employés,15042
Univ_Science,Employés,13170
Univ_Science,Employés,16518
Univ_Science,Employés,17670
Univ_Science,Cadres,19894
Univ_Science,Cadres,21042
Univ_Science,Ouvriers,1650
Univ_Science,Cadres,19170
Univ_Science,Employés,16266
Univ_Science,Profession_Liberale,42738
Univ_Science,Employés,14482
Univ_Science,Employés,18246
Univ_Science,Ouvriers,1650
Univ_Science,Employés,15906
Univ_Science,Employés,18622
Univ_Science,Cadres,16290
Univ_Science,Ouvriers,1650
Univ_Science,Cadres,30258
Univ_Science,Employés,16462
Univ_Science,Ouvriers,1650
Univ_Science,Ouvriers,1650
Univ_Science,Employés,19146
Univ_Science,Ouvriers,1650
Univ_Science,Employés,17490
Univ_Science,Ouvriers,1650
Univ_Science,Cadres,33670
Univ_Science,Cadres,27190
Univ_Science,Cadres,18210
Univ_Science,Employés,16498
Univ_Science,Cadres,35062
Univ_Science,Ouvriers,1650
Univ_Science,Ouvriers,1650
Univ_Science,Employés,15870
Univ_Science,Employés,11082
Univ_Science,Employés,13998
Univ_Science,Ouvriers,1650
Univ_Science,Employés,12234
Univ_Science,Ouvriers,1650
Univ_Science,Ouvriers,1650
Univ_Science,Cadres,25506
Univ_Science,Cadres,18642
Univ_Science,Ouvriers,1650
Univ_Science,Employés,16194
Univ_Science,Profession_Liberale,43170
Univ_Science,Employés,16662
Univ_Science,Ouvriers,1650
Univ_Science,Ouvriers,1650
Univ_Science,Employés,15366
Univ_Science,Cadres,33234
Univ_Science,Employés,17938
Univ_Science,Ouvriers,1650
Univ_Science,Ouvriers,1650
Univ_Science,Employés,18966
Univ_Science,Profession_Liberale,32418
Univ_Science,Employés,19470
Univ_Science,Ouvriers,1650
Univ_Science,Profession_Liberale,45138
Univ_Science,Employés,15762
Univ_Science,Cadres,19362
Univ_Science,Cadres,26134
Univ_Science,Ouvriers,1650
Univ_Science,Ouvriers,1650
Univ_Science,Employés,12846
Univ_Science,Ouvriers,1650
Univ_Science,Cadres,14562
Univ_Science,Ouvriers,1650
Univ_Science,Ouvriers,1650
Univ_Science,Cadres,14178
Univ_Science,Employés,16518
Univ_Science,Profession_Liberale,31170
Univ_Science,Ouvriers,1650
Univ_Science,Employés,17362
Univ_Science,Cadres,32850
Univ_Science,Employés,10758
Univ_Science,Ouvriers,1650
Univ_Science,Ouvriers,1650
Univ_Science,Ouvriers,1650
Univ_Science,Cadres,31698
Univ_Science,Ouvriers,1650
Univ_Science,Ouvriers,1650
Univ_Science,Cadres,18258
Univ_Science,Ouvriers,1650
Univ_Science,Employés,14286
Univ_Science,Employés,11046
Univ_Science,Ouvriers,1650
Univ_Science,Profession_Liberale,31126
Univ_Science,Ouvriers,1650
Univ_Science,Employés,15474
Univ_Science,Employés,15006
Univ_Science,Ouvriers,1650
Univ_Science,Ouvriers,1650
Univ_Science,Employés,19074
Univ_Science,Ouvriers,1650
Univ_Science,Ouvriers,1650
Univ_Science,Ouvriers,1650
Univ_Science,Ouvriers,1650
Univ_Science,Ouvriers,1650
Univ_Science,Ouvriers,1650
Univ_Science,Employés,15186
Univ_Science,Cadres,19942
Univ_Science,Employés,14754
Univ_Science,Cadres,18354
Univ_Science,Cadres,24118
Univ_Science,Employés,11910
Univ_Science,Profession_Liberale,40342
Univ_Science,Ouvriers,1650
Univ_Science,Ouvriers,1650
Univ_Science,Employés,13638
Univ_Science,Employés,17742
Univ_Science,Employés,14466
Univ_Science,Cadres,34198
Univ_Science,Ouvriers,1650
Univ_Science,Ouvriers,1650
Univ_Science,Cadres,36646
Univ_Science,Employés,13926
Univ_Science,Ouvriers,1650
Univ_Science,Ouvriers,1650
Univ_Science,Cadres,31026
Univ_Science,Ouvriers,1650
Univ_Science,Employés,19146
Univ_Science,Employés,13746
Univ_Science,Ouvriers,1650
Univ_Science,Employés,21574
Univ_Science,Employés,10686
Univ_Science,Ouvriers,1650
Univ_Science,Ouvriers,1650
Univ_Science,Cadres,33282
Univ_Science,Employés,18894
Univ_Science,Employés,13854
Univ_Science,Ouvriers,1650
Univ_Science,Ouvriers,1650
Univ_Science,Ouvriers,1650
Univ_Science,Ouvriers,1650
Univ_Science,Cadres,32034
Univ_Science,Cadres,26946
Univ_Science,Employés,13494
Univ_Science,Employés,15114
Univ_Science,Employés,17238
Univ_Science,Employés,12846
Univ_Science,Ouvriers,1650
Univ_Science,Ouvriers,1650
Univ_Science,Employés,17202
Univ_Science,Employés,13474
Univ_Science,Employés,16446
Univ_Science,Ouvriers,1650
Univ_Science,Ouvriers,1650
Univ_Science,Ouvriers,1650
Univ_Science,Employés,13422
Univ_Science,Employés,14898
Univ_Science,Cadres,33042
Univ_Science,Ouvriers,1650
Univ_Science,Employés,17166
Univ_Science,Ouvriers,1650
Univ_Science,Ouvriers,1650
Univ_Science,Employés,17634
Univ_Science,Ouvriers,1650
Univ_Science,Cadres,28966
Univ_Science,Ouvriers,1650
Univ_Science,Cadres,14130
Univ_Science,Profession_Liberale,37030
Univ_Science,Ouvriers,1650
Univ_Science,Employés,15222
Univ_Science,Employés,11550
Univ_Science,Ouvriers,1650
Univ_Science,Employés,18370
Univ_Science,Employés,17094
Univ_Science,Ouvriers,1650
Univ_Science,Ouvriers,1650
Univ_Science,Employés,12522
Univ_Science,Ouvriers,1650
Univ_Science,Employés,17634
Univ_Science,Ouvriers,1650
Univ_Science,Cadres,26418
Univ_Science,Cadres,18306
Univ_Science,Employés,13546
Univ_Science,Ouvriers,1650
Univ_Science,Employés,17022
Univ_Science,Employés,10722
Univ_Science,Cadres,20946
Univ_Science,Cadres,34002
Univ_Science,Profession_Liberale,33570
Univ_Science,Profession_Liberale,36502
Univ_Science,Employés,12234
Univ_Science,Ouvriers,1650
Univ_Science,Employés,18282
Univ_Science,Ouvriers,1650
Univ_Science,Cadres,24982
Univ_Science,Employés,11154
Univ_Science,Ouvriers,1650
Univ_Science,Ouvriers,1650
Univ_Science,Employés,11910
Univ_Science,Employés,16338
Univ_Science,Cadres,25506
Univ_Science,Ouvriers,1650
Univ_Science,Ouvriers,1650
Univ_Science,Cadres,36210
Univ_Science,Ouvriers,1650
Univ_Science,Ouvriers,1650
Univ_Science,Employés,14574
Univ_Science,Ouvriers,1650
Univ_Science,Employés,12486
Univ_Science,Employés,19434
Univ_Science,Employés,12810
Univ_Science,Cadres,24018
Univ_Science,Ouvriers,1650
Univ_Science,Employés,13098
Univ_Science,Ouvriers,1650
Univ_Science,Cadres,17298
Univ_Science,Employés,20998
Univ_Science,Employés,17722
Univ_Science,Employés,15706
Univ_Science,Cadres,13794
Univ_Science,Ouvriers,1650
Univ_Science,Employés,11730
Univ_Science,Ouvriers,1650
Univ_Science,Ouvriers,1650
Univ_Science,Employés,18678
Univ_Science,Cadres,35490
Univ_Science,Employés,13926
Univ_Science,Ouvriers,1650
Univ_Science,Cadres,18162
Univ_Science,Ouvriers,1650
Univ_Science,Ouvriers,1650
Univ_Science,Ouvriers,1650
Univ_Science,Ouvriers,1650
Univ_Science,Ouvriers,1650
Univ_Science,Employés,14862
Univ_Science,Employés,17022
Univ_Science,Ouvriers,1650
Univ_Science,Cadres,34674
Univ_Science,Cadres,22482
Univ_Science,Ouvriers,1650
Univ_Science,Ouvriers,1650
Univ_Science,Cadres,20370
Univ_Science,Employés,15078
Univ_Science,Cadres,35010
Univ_Science,Employés,22150
Univ_Science,Employés,14430
Univ_Science,Employés,16986
Univ_Science,Ouvriers,1650
Univ_Science,Employés,14662
Univ_Science,Ouvriers,1650
Univ_Science,Employés,19218
Univ_Science,Ouvriers,1650
Univ_Science,Cadres,32994
Univ_Science,Ouvriers,1650
Univ_Science,Employés,18874
Univ_Science,Employés,14106
Univ_Science,Employés,13618
Univ_Science,Employés,17166
Univ_Science,Profession_Liberale,30402
Univ_Science,Employés,12486
Univ_Science,Employés,10938
Univ_Science,Ouvriers,1650
Univ_Science,Employés,17310
Univ_Science,Ouvriers,1650
Univ_Science,Employés,17742
Univ_Science,Cadres,13890
Univ_Science,Ouvriers,1650
Univ_Science,Employés,18030
Univ_Science,Employés,14158
Univ_Science,Employés,11190
Univ_Science,Ouvriers,1650
Univ_Science,Ouvriers,1650
Univ_Science,Ouvriers,1650
Univ_Science,Cadres,27046
Univ_Science,Profession_Liberale,39666
Univ_Science,Employés,10974
Univ_Science,Ouvriers,1650
Univ_Science,Profession_Liberale,33234
Univ_Science,Employés,14502
Univ_Science,Ouvriers,1650
Univ_Science,Cadres,24018
Univ_Science,Employés,14250
Univ_Science,Profession_Liberale,46002
Univ_Science,Profession_Liberale,32370
Univ_Science,Ouvriers,1650
Univ_Science,Employés,12054
Univ_Science,Cadres,26850
Univ_Science,Ouvriers,1650
Univ_Science,Employés,11298
Univ_Science,Cadres,16962
Univ_Science,Employés,18498
Univ_Science,Profession_Liberale,36306
Univ_Science,Cadres,34822
Univ_Science,Ouvriers,1650
Univ_Science,Employés,21502
Univ_Science,Ouvriers,1650
Univ_Science,Employés,14862
Univ_Science,Employés,18714
Univ_Science,Cadres,25410
Univ_Science,Employés,19218
Univ_Science,Cadres,33430
Univ_Science,Cadres,22002
Univ_Science,Ouvriers,1650
Univ_Science,Cadres,14754
Univ_Science,Profession_Liberale,45234
Univ_Science,Cadres,34674
Univ_Science,Ouvriers,1650
Univ_Science,Employés,13278
Univ_Science,Ouvriers,1650
Univ_Science,Profession_Liberale,40630
Univ_Science,Employés,14482
Univ_Science,Ouvriers,1650
Univ_Science,Employés,18102
Univ_Science,Employés,16930
Univ_Science,Ouvriers,1650
Univ_Science,Employés,12810
Univ_Science,Employés,16426
Univ_Science,Employés,14158
Univ_Science,Ouvriers,1650
Univ_Science,Employés,12234
Univ_Science,Employés,17994
Univ_Science,Ouvriers,1650
Univ_Science,Employés,13890
Univ_Science,Employés,17598
Univ_Science,Employés,15186
Univ_Science,Profession_Liberale,31986
Univ_Science,Ouvriers,1650
Univ_Science,Ouvriers,1650
Univ_Science,Cadres,20418
Univ_Science,Ouvriers,1650
Univ_Science,Employés,12630
Univ_Science,Ouvriers,1650
Univ_Science,Employés,15006
Univ_Science,Employés,11298
Univ_Science,Cadres,34098
Univ_Science,Cadres,22678
Univ_Science,Employés,16626
Univ_Science,Ouvriers,1650
Univ_Science,Cadres,26562
Univ_Science,Ouvriers,1650
Univ_Science,Ouvriers,1650
Univ_Science,Cadres,34386
Univ_Science,Ouvriers,1650
Univ_Science,Employés,11802
Univ_Science,Cadres,15426
Univ_Science,Ouvriers,1650
Univ_Science,Employés,13782
Univ_Science,Cadres,21810
Univ_Science,Employés,17130
Univ_Science,Ouvriers,1650
Univ_Science,Employés,12162
Univ_Science,Ouvriers,1650
Univ_Science,Profession_Liberale,34962
Univ_Science,Ouvriers,1650
Univ_Science,Ouvriers,1650
Univ_Science,Cadres,24546
Univ_Science,Employés,12486
Univ_Science,Employés,12090
Univ_Science,Employés,13818
Univ_Science,Ouvriers,1650
Univ_Science,Ouvriers,1650
Univ_Science,Ouvriers,1650
Univ_Science,Employés,12378
Univ_Science,Ouvriers,1650
Univ_Science,Cadres,20274
Univ_Science,Cadres,36546
Univ_Science,Profession_Liberale,45954
Univ_Science,Cadres,14514
Univ_Science,Ouvriers,1650
Univ_Science,Cadres,18982
Univ_Science,Ouvriers,1650
Univ_Science,Profession_Liberale,46674
Univ_Science,Employés,12270
Univ_Science,Employés,17166
Univ_Science,Ouvriers,1650
Univ_Science,Ouvriers,1650
Univ_Science,Cadres,24066
Univ_Science,Ouvriers,1650
Univ_Science,Ouvriers,1650
Univ_Science,Profession_Liberale,51286
Univ_Science,Ouvriers,1650
Univ_Science,Profession_Liberale,30498
Univ_Science,Cadres,25794
Univ_Science,Employés,18714
Univ_Science,Employés,13098
Univ_Science,Cadres,23346
Univ_Science,Employés,10686
Univ_Science,Ouvriers,1650
Univ_Science,Employés,18570
Univ_Science,Profession_Liberale,45858
Univ_Science,Employés,14878
Univ_Science,Cadres,36882
Univ_Science,Ouvriers,1650
Univ_Science,Ouvriers,1650
Univ_Science,Cadres,15282
Univ_Science,Cadres,31410
Univ_Science,Ouvriers,1650
Univ_Science,Employés,16230
Univ_Science,Ouvriers,1650
Univ_Science,Employés,14302
Univ_Science,Employés,17670
Univ_Science,Employés,11586
Univ_Science,Cadres,17062
Univ_Science,Ouvriers,1650
Univ_Science,Employés,17886
Univ_Science,Ouvriers,1650
Univ_Science,Ouvriers,1650
Univ_Science,Ouvriers,1650
Univ_Science,Ouvriers,1650
Univ_Science,Employés,13566
Univ_Science,Ouvriers,1650
Univ_Science,Cadres,24594
Univ_Science,Cadres,18982
Univ_Science,Cadres,34530
Univ_Science,Cadres,23682
Univ_Science,Cadres,13986
Univ_Science,Cadres,19314
Univ_Science,Ouvriers,1650
Univ_Science,Employés,18082
Univ_Science,Cadres,29062
Univ_Science,Employés,17290
Univ_Science,Employés,13962
Univ_Science,Ouvriers,1650
Univ_Science,Ouvriers,1650
Univ_Science,Employés,16786
Univ_Science,Employés,17346
Univ_Science,Cadres,19650
Univ_Science,Ouvriers,1650
Univ_Science,Employés,10650
Univ_Science,Ouvriers,1650
Univ_Science,Cadres,16242
Univ_Science,Ouvriers,1650
Univ_Science,Employés,19290
Univ_Science,Cadres,15330
Univ_Science,Ouvriers,1650
Univ_Science,Cadres,34722
Univ_Science,Ouvriers,1650
Univ_Science,Ouvriers,1650
Univ_Science,Cadres,23154
Univ_Science,Ouvriers,1650
Univ_Science,Cadres,31362
Univ_Science,Employés,15042
Univ_Science,Employés,17490
Univ_Science,Cadres,19026
Univ_Science,Employés,13618
Univ_Science,Ouvriers,1650
Univ_Science,Ouvriers,1650
Univ_Science,Cadres,15858
Univ_Science,Employés,21502
Univ_Science,Ouvriers,1650
Univ_Science,Cadres,30978
Univ_Science,Cadres,13698
Univ_Science,Cadres,16002
Univ_Science,Employés,21070
Univ_Science,Employés,14950
Univ_Science,Cadres,37362
Univ_Science,Employés,18498
Univ_Science,Ouvriers,1650
Univ_Science,Ouvriers,1650
Univ_Science,Ouvriers,1650
Univ_Science,Cadres,32034
Univ_Science,Employés,11082
Univ_Science,Profession_Liberale,35538
Univ_Science,Cadres,19218
Univ_Science,Profession_Liberale,30018
Univ_Science,Cadres,21762
Univ_Science,Ouvriers,1650
Univ_Science,Employés,17778
Univ_Science,Employés,17058
Univ_Science,Employés,16534
Univ_Science,Ouvriers,1650
Univ_Science,Ouvriers,1650
Univ_Science,Employés,15006
Univ_Science,Cadres,14706
Univ_Science,Employés,12162
Univ_Science,Employés,17346
Univ_Science,Ouvriers,1650
Univ_Science,Employés,19290
Univ_Science,Ouvriers,1650
Univ_Science,Employés,18462
Univ_Science,Ouvriers,1650
Univ_Science,Employés,10974
Univ_Science,Cadres,27670
Univ_Science,Ouvriers,1650
Univ_Science,Ouvriers,1650
Univ_Science,Ouvriers,1650
Univ_Science,Employés,11694
Univ_Science,Employés,11118
Univ_Science,Employés,14986
Univ_Science,Ouvriers,1650
Univ_Science,Employés,11154
Univ_Science,Employés,14862
Univ_Science,Ouvriers,1650
Univ_Science,Employés,19326
Univ_Science,Employés,11730
Univ_Science,Cadres,36306
Univ_Science,Profession_Liberale,42642
Univ_Science,Employés,12450
Univ_Science,Ouvriers,1650
Univ_Science,Employés,10650
Univ_Science,Cadres,28290
Univ_Science,Ouvriers,1650
Univ_Science,Employés,17202
Univ_Science,Ouvriers,1650
Univ_Science,Cadres,37650
Univ_Science,Cadres,28146
Univ_Science,Ouvriers,1650
Univ_Science,Employés,20098
Univ_Science,Employés,15222
Univ_Science,Ouvriers,1650
Univ_Science,Employés,14538
Univ_Science,Ouvriers,1650
Univ_Science,Employés,21070
Univ_Science,Ouvriers,1650
Univ_Science,Ouvriers,1650
Univ_Science,Ouvriers,1650
Univ_Science,Ouvriers,1650
Univ_Science,Cadres,20662
Univ_Science,Employés,14358
Univ_Science,Ouvriers,1650
Univ_Science,Ouvriers,1650
Univ_Science,Ouvriers,1650
Univ_Science,Cadres,38854
Univ_Science,Ouvriers,1650
Univ_Science,Ouvriers,1650
Univ_Science,Employés,19290
Univ_Science,Ouvriers,1650
Univ_Science,Cadres,29634
Univ_Science,Ouvriers,1650
Univ_Science,Employés,20962
Univ_Science,Ouvriers,1650
Univ_Science,Employés,11658
Univ_Science,Ouvriers,1650
Univ_Science,Employés,15150
Univ_Science,Ouvriers,1650
Univ_Science,Employés,11010
Univ_Science,Cadres,36066
Univ_Science,Employés,17290
Univ_Science,Ouvriers,1650
Univ_Science,Profession_Liberale,47778
Univ_Science,Cadres,32178
Univ_Science,Ouvriers,1650
Univ_Science,Ouvriers,1650
Univ_Science,Ouvriers,1650
Univ_Science,Cadres,29878
Univ_Science,Ouvriers,1650
Univ_Science,Cadres,25650
Univ_Science,Cadres,37170
Univ_Science,Ouvriers,1650
Univ_Science,Ouvriers,1650
Univ_Science,Ouvriers,1650
Univ_Science,Ouvriers,1650
Univ_Science,Employés,17326
Univ_Science,Cadres,38662
Univ_Science,Ouvriers,1650
Univ_Science,Cadres,27282
Univ_Science,Ouvriers,1650
Univ_Science,Employés,11406
Univ_Science,Cadres,30502
Univ_Science,Profession_Liberale,38422
Univ_Science,Ouvriers,1650
Univ_Science,Employés,18858
Univ_Science,Cadres,34482
Univ_Science,Ouvriers,1650
Univ_Science,Ouvriers,1650
Univ_Science,Cadres,30018
Univ_Science,Cadres,28818
Univ_Science,Ouvriers,1650
Univ_Science,Employés,19362
Univ_Science,Ouvriers,1650
Univ_Science,Ouvriers,1650
Univ_Science,Cadres,36070
Univ_Science,Employés,13638
Univ_Science,Cadres,39142
Univ_Science,Employés,21574
Univ_Science,Employés,19254
Univ_Science,Ouvriers,1650
Univ_Science,Employés,11874
Univ_Science,Cadres,17922
Univ_Science,Cadres,23106
Univ_Science,Cadres,29634
Univ_Science,Employés,14554
Univ_Science,Cadres,38758
Univ_Science,Profession_Liberale,29734
Univ_Science,Ouvriers,1650
Univ_Science,Employés,18786
Univ_Science,Ouvriers,1650
Univ_Science,Profession_Liberale,42882
Univ_Science,Cadres,34194
Univ_Science,Ouvriers,1650
Univ_Science,Employés,14034
Univ_Science,Ouvriers,1650
Univ_Science,Employés,15222
Univ_Science,Ouvriers,1650
Univ_Science,Employés,13134
Univ_Science,Profession_Liberale,47010
Univ_Science,Ouvriers,1650
Univ_Science,Ouvriers,1650
Univ_Science,Cadres,14466
Univ_Science,Ouvriers,1650
Univ_Science,Employés,14178
Univ_Science,Profession_Liberale,38370
Univ_Science,Ouvriers,1650
Univ_Science,Employés,14250
Univ_Science,Ouvriers,1650
Univ_Science,Ouvriers,1650
Univ_Science,Ouvriers,1650
Univ_Science,Employés,18786
Univ_Science,Ouvriers,1650
Univ_Science,Ouvriers,1650
Univ_Science,Cadres,19842
Univ_Science,Employés,18894
Univ_Science,Ouvriers,1650
Univ_Science,Ouvriers,1650
Univ_Science,Ouvriers,1650
Univ_Science,Employés,19702
Univ_Science,Cadres,19842
Univ_Science,Ouvriers,1650
Univ_Science,Cadres,29730
Univ_Science,Employés,16770
Univ_Science,Ouvriers,1650
Univ_Science,Cadres,25938
Univ_Science,Employés,18894
Univ_Science,Cadres,26658
Univ_Science,Ouvriers,1650
Univ_Science,Ouvriers,1650
Univ_Science,Cadres,30358
Univ_Science,Ouvriers,1650
Univ_Science,Ouvriers,1650
Univ_Science,Ouvriers,1650
Univ_Science,Ouvriers,1650
Univ_Science,Ouvriers,1650
Univ_Science,Cadres,17926
Univ_Science,Ouvriers,1650
Univ_Science,Ouvriers,1650
Univ_Science,Cadres,22294
Univ_Science,Cadres,36834
Univ_Science,Ouvriers,1650
Univ_Science,Cadres,37410
Univ_Science,Employés,11190
Univ_Science,Cadres,36886
Univ_Socio,Profession_Liberale,24870
Univ_Socio,Employés,12526
Univ_Socio,Profession_Liberale,20118
Univ_Socio,Employés,6474
Univ_Socio,Cadres,18966
Univ_Socio,Employés,5946
Univ_Socio,Employés,5994
Univ_Socio,Employés,7194
Univ_Socio,Profession_Liberale,20190
Univ_Socio,Ouvriers,1650
Univ_Socio,Employés,5706
Univ_Socio,Profession_Liberale,23466
Univ_Socio,Profession_Liberale,22494
Univ_Socio,Cadres,18138
Univ_Socio,Cadres,20026
Univ_Socio,Profession_Liberale,21702
Univ_Socio,Profession_Liberale,29818
Univ_Socio,Profession_Liberale,21666
Univ_Socio,Cadres,13278
Univ_Socio,Ouvriers,1650
Univ_Socio,Cadres,18966
Univ_Socio,Profession_Liberale,24870
Univ_Socio,Cadres,18714
Univ_Socio,Profession_Liberale,29206
Univ_Socio,Ouvriers,1650
Univ_Socio,Employés,8658
Univ_Socio,Profession_Liberale,26778
Univ_Socio,Employés,7482
Univ_Socio,Profession_Liberale,26490
Univ_Socio,Ouvriers,1650
Univ_Socio,Profession_Liberale,27586
Univ_Socio,Profession_Liberale,23754
Univ_Socio,Employés,7794
Univ_Socio,Profession_Liberale,26022
Univ_Socio,Employés,10290
Univ_Socio,Employés,10242
Univ_Socio,Profession_Liberale,21666
Univ_Socio,Employés,7722
Univ_Socio,Cadres,15078
Univ_Socio,Profession_Liberale,25842
Univ_Socio,Profession_Liberale,23250
Univ_Socio,Profession_Liberale,21414
Univ_Socio,Employés,8826
Univ_Socio,Cadres,12630
Univ_Socio,Ouvriers,1650
Univ_Socio,Employés,8586
Univ_Socio,Profession_Liberale,20082
Univ_Socio,Cadres,15150
Univ_Socio,Cadres,12450
Univ_Socio,Profession_Liberale,24150
Univ_Socio,Profession_Liberale,21522
Univ_Socio,Employés,6234
Univ_Socio,Profession_Liberale,20766
Univ_Socio,Profession_Liberale,25734
Univ_Socio,Profession_Liberale,19794
Univ_Socio,Ouvriers,1650
Univ_Socio,Ouvriers,1650
Univ_Socio,Profession_Liberale,21882
Univ_Socio,Employés,10674
Univ_Socio,Employés,6306
Univ_Socio,Profession_Liberale,26598
Univ_Socio,Employés,10290
Univ_Socio,Profession_Liberale,24942
Univ_Socio,Profession_Liberale,25050
Univ_Socio,Employés,9138
Univ_Socio,Cadres,13998
Univ_Socio,Employés,10530
Univ_Socio,Ouvriers,1650
Univ_Socio,Cadres,19182
Univ_Socio,Cadres,19146
Univ_Socio,Profession_Liberale,22890
Univ_Socio,Employés,8514
Univ_Socio,Profession_Liberale,26418
Univ_Socio,Employés,9930
Univ_Socio,Employés,10822
Univ_Socio,Cadres,19290
Univ_Socio,Profession_Liberale,28074
Univ_Socio,Employés,8394
Univ_Socio,Profession_Liberale,25986
Univ_Socio,Profession_Liberale,26418
Univ_Socio,Employés,8226
Univ_Socio,Profession_Liberale,27894
Univ_Socio,Profession_Liberale,27750
Univ_Socio,Cadres,16914
Univ_Socio,Employés,11130
Univ_Socio,Profession_Liberale,22206
Univ_Socio,Profession_Liberale,27282
Univ_Socio,Employés,7650
Univ_Socio,Cadres,11334
Univ_Socio,Profession_Liberale,23322
Univ_Socio,Ouvriers,1650
Univ_Socio,Profession_Liberale,31114
Univ_Socio,Profession_Liberale,28182
Univ_Socio,Cadres,15834
Univ_Socio,Employés,10794
Univ_Socio,Cadres,14466
Univ_Socio,Employés,9666
Univ_Socio,Profession_Liberale,21018
Univ_Socio,Employés,10722
Univ_Socio,Employés,11250
Univ_Socio,Profession_Liberale,24042
Univ_Socio,Profession_Liberale,19722
Univ_Socio,Employés,7914
Univ_Socio,Employés,7554
Univ_Socio,Employés,11998
Univ_Socio,Employés,9930
Univ_Socio,Employés,5418
Univ_Socio,Profession_Liberale,24546
Univ_Socio,Profession_Liberale,21702
Univ_Socio,Employés,7098
Univ_Socio,Employés,7026
Univ_Socio,Cadres,15546
Univ_Socio,Employés,6042
Univ_Socio,Employés,10266
Univ_Socio,Profession_Liberale,26058
Univ_Socio,Cadres,11514
Univ_Socio,Ouvriers,1650
Univ_Socio,Employés,9714
Univ_Socio,Employés,6258
Univ_Socio,Profession_Liberale,20226
Univ_Socio,Profession_Liberale,22818
Univ_Socio,Cadres,16770
Univ_Socio,Ouvriers,1650
Univ_Socio,Profession_Liberale,22746
Univ_Socio,Employés,8082
Univ_Socio,Profession_Liberale,23142
Univ_Socio,Employés,8466
Univ_Socio,Employés,8850
Univ_Socio,Employés,9138
Univ_Socio,Ouvriers,1650
Univ_Socio,Employés,11254
Univ_Socio,Profession_Liberale,21198
Univ_Socio,Ouvriers,1650
Univ_Socio,Profession_Liberale,28542
Univ_Socio,Profession_Liberale,22854
Univ_Socio,Employés,8610
Univ_Socio,Profession_Liberale,19758
Univ_Socio,Profession_Liberale,21054
Univ_Socio,Employés,13102
Univ_Socio,Profession_Liberale,20406
Univ_Socio,Profession_Liberale,22566
Univ_Socio,Profession_Liberale,28002
Univ_Socio,Profession_Liberale,20262
Univ_Socio,Cadres,12594
Univ_Socio,Profession_Liberale,20802
Univ_Socio,Employés,9570
Univ_Socio,Cadres,11514
Univ_Socio,Profession_Liberale,26814
Univ_Socio,Cadres,16786
Univ_Socio,Profession_Liberale,28270
Univ_Socio,Cadres,17958
Univ_Socio,Profession_Liberale,20442
Univ_Socio,Cadres,13566
Univ_Socio,Cadres,15978
Univ_Socio,Cadres,14862
Univ_Socio,Cadres,12630
Univ_Socio,Employés,8514
Univ_Socio,Profession_Liberale,28038
Univ_Socio,Employés,5634
Univ_Socio,Employés,9666
Univ_Socio,Cadres,12414
Univ_Socio,Employés,10890
Univ_Socio,Employés,7362
Univ_Socio,Profession_Liberale,23250
Univ_Socio,Ouvriers,1650
Univ_Socio,Employés,6690
Univ_Socio,Cadres,17598
Univ_Socio,Employés,8874
Univ_Socio,Cadres,12738
Univ_Socio,Profession_Liberale,23410
Univ_Socio,Ouvriers,1650
Univ_Socio,Profession_Liberale,21090
Univ_Socio,Ouvriers,1650
Univ_Socio,Employés,7386
Univ_Socio,Employés,5514
Univ_Socio,Employés,10314
Univ_Socio,Profession_Liberale,24258
Univ_Socio,Profession_Liberale,25446
Univ_Socio,Employés,8346
Univ_Socio,Cadres,11226
Univ_Socio,Cadres,18858
Univ_Socio,Employés,10506
Univ_Socio,Cadres,13350
Univ_Socio,Profession_Liberale,24454
Univ_Socio,Employés,7098
Univ_Socio,Profession_Liberale,28650
Univ_Socio,Cadres,18750
Univ_Socio,Employés,7194
Univ_Socio,Cadres,13906
Univ_Socio,Ouvriers,1650
Univ_Socio,Profession_Liberale,19794
Univ_Socio,Employés,8106
Univ_Socio,Ouvriers,1650
Univ_Socio,Profession_Liberale,21702
Univ_Socio,Profession_Liberale,20694
Univ_Socio,Profession_Liberale,21990
Univ_Socio,Profession_Liberale,24510
Univ_Socio,Ouvriers,1650
Univ_Socio,Ouvriers,1650
Univ_Socio,Profession_Liberale,24618
Univ_Socio,Employés,7866
Univ_Socio,Employés,6306
Univ_Socio,Cadres,11082
Univ_Socio,Employés,10818
Univ_Socio,Employés,8250
Univ_Socio,Profession_Liberale,24006
Univ_Socio,Cadres,14610
Univ_Socio,Profession_Liberale,21954
Univ_Socio,Cadres,14358
Univ_Socio,Employés,8754
